ID;total_counts;observed_counts;pvalue;FDR;Bonferroni;Holm.Bonferroni;value;OE_ratio;GOID;GO_description;class;diffexpressed;delabel
GO:0019784;1;1;0;0;0;0;0,956397524;22,93447738;GO:0019784;deNEDDylase activity;molecular_function;NO;NA
GO:0007165;519;52;3,76E-22;3,74E-20;7,48E-20;7,44E-20;29,37031494;2,297866712;GO:0007165;signal transduction;biological_process;UP;signal transduction
GO:0005515;4227;176;3,31E-21;2,20E-19;6,59E-19;6,53E-19;-8,307666145;0,95492501;GO:0005515;protein binding;molecular_function;DOWN;protein binding
GO:0042981;200;29;1,04E-17;5,20E-16;2,08E-15;2,05E-15;20,2795048;3,32549922;GO:0042981;regulation of apoptotic process;biological_process;UP;apoptosis
GO:0008234;76;15;1,95E-12;7,75E-11;3,87E-10;3,80E-10;11,68621182;4,526541588;GO:0008234;cysteine-type peptidase activity;molecular_function;UP;cysteine-type peptid
GO:0004197;108;16;5,44E-11;1,80E-09;1,08E-08;1,05E-08;11,29093259;3,397700352;GO:0004197;cysteine-type endopeptidase activity;molecular_function;UP;cysteine-type endop.
GO:0006508;511;33;1,44E-09;4,09E-08;2,86E-07;2,78E-07;10,71913475;1,481091494;GO:0006508;proteolysis;biological_process;UP;proteolysis
GO:0005525;271;22;7,64E-09;1,90E-07;1,52E-06;1,47E-06;10,183729;1,861839492;GO:0005525;GTP binding;molecular_function;UP;GTP binding
GO:0001730;10;5;1,21E-08;2,67E-07;2,40E-06;2,31E-06;4,56397524;11,46723869;GO:0001730;2'-5'-oligoadenylate synthetase activity;molecular_function;UP;2'-5'-oligoadenylate
GO:0051607;12;5;5,13E-08;1,02E-06;1,02E-05;9,75E-06;4,476770288;9,556032241;GO:0051607;defense response to virus;biological_process;UP;resp. to virus
GO:0043065;4;3;1,56E-07;2,83E-06;3,11E-05;2,96E-05;2,825590096;17,20085803;GO:0043065;positive regulation of apoptotic process;biological_process;UP;apoptosis
GO:0015074;50;8;5,74E-07;9,52E-06;0,000114281;0,000107964;5,819876199;3,669516381;GO:0015074;DNA integration;biological_process;UP;DNA int.
GO:0009253;17;5;6,31E-07;9,66E-06;0,000125604;0,00011803;4,258757908;6,745434523;GO:0009253;peptidoglycan catabolic process;biological_process;UP;peptidoglycan catab.
GO:0007585;10;4;7,20E-07;1,02E-05;0,000143258;0,0001339;3,56397524;9,173790952;GO:0007585;respiratory gaseous exchange by respiratory system;biological_process;UP;gas exchange
GO:0016540;5;3;7,70E-07;1,02E-05;0,000153202;0,000142424;2,78198762;13,76068643;GO:0016540;protein autoprocessing;biological_process;UP;protein autoproc
GO:0003725;18;5;9,31E-07;1,16E-05;0,000185219;0,000171258;4,215155432;6,370688161;GO:0003725;double-stranded RNA binding;molecular_function;UP;dsRNA bind.
GO:0008745;11;4;1,30E-06;1,52E-05;0,000258311;0,000237542;3,520372764;8,339809956;GO:0008745;N-acetylmuramoyl-L-alanine amidase activity;molecular_function;UP;N-acetylmuramoyl-L-a
GO:0005509;1056;44;2,17E-06;2,40E-05;0,000432483;0,000395537;-2,044214679;0,955603224;GO:0005509;calcium ion binding;molecular_function;DOWN;Ca bind
GO:0032732;6;3;2,27E-06;2,38E-05;0,000452315;0,000411402;2,738385144;11,46723869;GO:0032732;positive regulation of interleukin-1 production;biological_process;UP;reg. of IL-1
GO:0097200;7;3;5,22E-06;5,19E-05;0,001038669;0,0009395;2,694782668;9,829061734;GO:0097200;cysteine-type endopeptidase activity involved in execution phase of apoptosis;molecular_function;UP;cysteine-type endope
GO:0009263;15;4;7,90E-06;7,48E-05;0,001571156;0,001413251;3,34596286;6,115860634;GO:0009263;deoxyribonucleotide biosynthetic process;biological_process;UP;dNTPs biosynt.
GO:0004713;149;12;9,98E-06;9,03E-05;0,001985676;0,001776132;5,503231073;1,847072004;GO:0004713;protein tyrosine kinase activity;molecular_function;UP; tyrosine kin.
GO:0006955;90;9;1,28E-05;0,000110512;0,002541772;0,002260772;5,075777158;2,293447738;GO:0006955;immune response;biological_process;UP;immune response
GO:0015267;12;3;6,82E-05;0,00056516;0,013563834;0,011996154;2,476770288;5,733619345;GO:0015267;channel activity;molecular_function;UP;channel activity
GO:0007267;5;2;7,64E-05;0,000608508;0,015212693;0,013377996;1,78198762;9,173790952;GO:0007267;cell-cell signaling;biological_process;NO;NA
GO:0005886;90;8;7,96E-05;0,000609452;0,015845759;0,013855086;4,075777158;2,038620211;GO:0005886;plasma membrane;cellular_component;UP;plasma membrane
GO:0005579;6;2;0,000150618;0,001110114;0,029973071;0,026056992;1,738385144;7,644825793;GO:0005579;membrane attack complex;cellular_component;NO;NA
GO:0004672;524;23;0,000171246;0,001217067;0,034077862;0,029454233;0,152302564;1,006665992;GO:0004672;protein kinase activity;molecular_function;NO;NA
GO:0006468;526;23;0,000181159;0,001243128;0,036050725;0,030978262;0,065097612;1,002838364;GO:0006468;protein phosphorylation;biological_process;NO;NA
GO:0016746;62;6;0,000231093;0,001532915;0,045987461;0,03928577;3,296646487;2,219465553;GO:0016746;acyltransferase activity;molecular_function;UP;acyltransf act
GO:0007155;152;10;0,00025168;0,001615625;0,050084364;0,042533957;3,372423645;1,508847196;GO:0007155;cell adhesion;biological_process;UP;cell adhesion
GO:0008270;717;28;0,000315239;0,001960392;0,062732529;0,052960125;-3,262975308;0,895628126;GO:0008270;zinc ion binding;molecular_function;DOWN;zinc ion binding
GO:0035198;2;1;0,00039626;0,002285676;0,078855807;0,065581086;0,912795048;11,46723869;GO:0035198;miRNA binding;molecular_function;NO;NA
GO:0003934;2;1;0,00039626;0,002285676;0,078855807;0,065581086;0,912795048;11,46723869;GO:0003934;GTP cyclohydrolase I activity;molecular_function;NO;NA
GO:0032963;2;1;0,00039626;0,002285676;0,078855807;0,065581086;0,912795048;11,46723869;GO:0032963;collagen metabolic process;biological_process;NO;NA
GO:0042834;2;1;0,00039626;0,002285676;0,078855807;0,065581086;0,912795048;11,46723869;GO:0042834;peptidoglycan binding;molecular_function;NO;NA
GO:0004100;21;3;0,000714413;0,003842383;0,142168158;0,116449295;2,084348004;3,276353911;GO:0004100;chitin synthase activity;molecular_function;UP;chitin synthase acti
GO:0002224;56;5;0,000855451;0,00447986;0,170234675;0,138583002;2,558261343;2,047721195;GO:0002224;toll-like receptor signaling pathway;biological_process;UP;TLR
GO:0006310;38;4;0,000903153;0,004608394;0,179727371;0,145407571;2,343105911;2,414155514;GO:0006310;DNA recombination;biological_process;UP;DNA recomb
GO:0007250;3;1;0,001173026;0,005492523;0,23343222;0,184751631;0,869192572;7,644825793;GO:0007250;activation of NF-kappaB-inducing kinase activity;biological_process;NO;NA
GO:0060261;3;1;0,001173026;0,005492523;0,23343222;0,184751631;0,869192572;7,644825793;GO:0060261;positive regulation of transcription initiation by RNA polymerase II;biological_process;NO;NA
GO:0046654;3;1;0,001173026;0,005492523;0,23343222;0,184751631;0,869192572;7,644825793;GO:0046654;tetrahydrofolate biosynthetic process;biological_process;NO;NA
GO:0046330;3;1;0,001173026;0,005492523;0,23343222;0,184751631;0,869192572;7,644825793;GO:0046330;positive regulation of JNK cascade;biological_process;NO;NA
GO:0004830;3;1;0,001173026;0,005492523;0,23343222;0,184751631;0,869192572;7,644825793;GO:0004830;tryptophan-tRNA ligase activity;molecular_function;NO;NA
GO:0006436;3;1;0,001173026;0,005492523;0,23343222;0,184751631;0,869192572;7,644825793;GO:0006436;tryptophanyl-tRNA aminoacylation;biological_process;NO;NA
GO:0007156;105;7;0,001227925;0,005312111;0,2443571;0,189100469;2,421740018;1,528965159;GO:0007156;homophilic cell adhesion via plasma membrane adhesion molecules;biological_process;UP;homophilic cell adh
GO:0004252;131;8;0,001296268;0,005488452;0,257957266;0,198328953;2,288075641;1,400578771;GO:0004252;serine-type endopeptidase activity;molecular_function;UP;serine endopept
GO:0043531;12;2;0,001514888;0,006280472;0,301462672;0,230262946;1,476770288;3,822412897;GO:0043531;ADP binding;molecular_function;NO;NA
GO:0008236;44;4;0,001771323;0,007193739;0,352493231;0,267469738;2,081491055;2,084952489;GO:0008236;serine-type peptidase activity;molecular_function;UP;serine-type pept.
GO:0038007;13;2;0,001940285;0,007570914;0,386116622;0,289102396;1,433167812;3,528381135;GO:0038007;netrin-activated signaling pathway;biological_process;NO;NA
GO:0004315;13;2;0,001940285;0,007570914;0,386116622;0,289102396;1,433167812;3,528381135;GO:0004315;3-oxoacyl-[acyl-carrier-protein] synthase activity;molecular_function;NO;NA
GO:0005042;13;2;0,001940285;0,007570914;0,386116622;0,289102396;1,433167812;3,528381135;GO:0005042;netrin receptor activity;molecular_function;NO;NA
GO:0004497;288;13;0,002120006;0,007960021;0,421881106;0,311640817;0,442486906;1,035236826;GO:0004497;monooxygenase activity;molecular_function;NO;NA
GO:0006260;46;4;0,002163917;0,007974436;0,430619563;0,315931941;1,994286103;1,994302381;GO:0006260;DNA replication;biological_process;NO;NA
GO:0006812;28;3;0,002188409;0,007918062;0,435493388;0,317319303;1,779130671;2,457265433;GO:0006812;monoatomic cation transport;biological_process;NO;NA
GO:0097199;4;1;0,002315012;0,00815376;0,460687441;0,33220426;0,825590096;5,733619345;GO:0097199;cysteine-type endopeptidase activity involved in apoptotic signaling pathway;molecular_function;NO;NA
GO:0043138;4;1;0,002315012;0,00815376;0,460687441;0,33220426;0,825590096;5,733619345;GO:0043138;3'-5' DNA helicase activity;molecular_function;NO;NA
GO:0003676;492;19;0,002373466;0,008143445;0,472319821;0,337032234;-2,452418203;0,885681037;GO:0003676;nucleic acid binding;molecular_function;DOWN;nucleic acid binding
GO:0006915;30;3;0,002838379;0,009573514;0,564837327;0,400211373;1,691925719;2,293447738;GO:0006915;apoptotic process;biological_process;NO;NA
GO:0003887;15;2;0,002996499;0,00993839;0,596303374;0,419509911;1,34596286;3,057930317;GO:0003887;DNA-directed DNA polymerase activity;molecular_function;NO;NA
GO:0004521;16;2;0,00363373;0,0118543;0,723112293;0,505088486;1,302360384;2,866809672;GO:0004521;RNA endonuclease activity;molecular_function;NO;NA
GO:0031409;5;1;0,00380739;0,011838603;0,757670606;0,517805037;0,78198762;4,586895476;GO:0031409;pigment binding;molecular_function;NO;NA
GO:0006665;5;1;0,00380739;0,011838603;0,757670606;0,517805037;0,78198762;4,586895476;GO:0006665;sphingolipid metabolic process;biological_process;NO;NA
GO:0009736;5;1;0,00380739;0,011838603;0,757670606;0,517805037;0,78198762;4,586895476;GO:0009736;cytokinin-activated signaling pathway;biological_process;NO;NA
GO:0080019;5;1;0,00380739;0,011838603;0,757670606;0,517805037;0,78198762;4,586895476;GO:0080019;alcohol-forming very long-chain fatty acyl-CoA reductase activity;molecular_function;NO;NA
GO:0004668;5;1;0,00380739;0,011838603;0,757670606;0,517805037;0,78198762;4,586895476;GO:0004668;protein-arginine deiminase activity;molecular_function;NO;NA
GO:0005044;126;7;0,003849437;0,011433403;0,766037973;0,511975128;1,506088021;1,274137632;GO:0005044;scavenger receptor activity;molecular_function;NO;NA
GO:0016705;277;12;0,004037292;0,011815016;0,803421079;0,532922525;-0,077885858;0,993551367;GO:0016705;oxidoreductase activity, acting on paired donors, with incorporation or reduction of molecular oxygen;molecular_function;NO;NA
GO:0004842;79;5;0,004985333;0,014377989;0,992081252;0,653078613;1,555404394;1,451549201;GO:0004842;ubiquitin-protein transferase activity;molecular_function;NO;NA
GO:0003713;35;3;0,005013814;0,014253556;0,997748917;0,651795775;1,473913339;1,965812347;GO:0003713;transcription coactivator activity;molecular_function;NO;NA
GO:0007160;56;4;0,005124384;0,01436271;1;0,661045514;1,558261343;1,638176956;GO:0007160;cell-matrix adhesion;biological_process;NO;NA
GO:0005540;18;2;0,005140423;0,014207559;1;0,657974207;1,215155432;2,548275264;GO:0005540;hyaluronic acid binding;molecular_function;NO;NA
GO:0003677;494;18;0,005400709;0,014722481;1;0,685890046;-3,539623155;0,835669216;GO:0003677;DNA binding;molecular_function;NO;NA
GO:0004111;6;1;0,005635776;0,014854561;1;0,70165408;0,738385144;3,822412897;GO:0004111;creatine kinase activity;molecular_function;NO;NA
GO:0030976;6;1;0,005635776;0,014854561;1;0,70165408;0,738385144;3,822412897;GO:0030976;thiamine pyrophosphate binding;molecular_function;NO;NA
GO:0046314;6;1;0,005635776;0,014854561;1;0,70165408;0,738385144;3,822412897;GO:0046314;phosphocreatine biosynthetic process;biological_process;NO;NA
GO:0005764;6;1;0,005635776;0,014854561;1;0,70165408;0,738385144;3,822412897;GO:0005764;lysosome;cellular_component;NO;NA
GO:0000166;83;5;0,006334168;0,016160249;1;0,772768499;1,38099449;1,381595023;GO:0000166;nucleotide binding;molecular_function;NO;NA
GO:0008773;59;4;0,006397302;0,016114723;1;0,774073548;1,427453915;1,554879822;GO:0008773;[protein-PII] uridylyltransferase activity;molecular_function;NO;NA
GO:0020037;327;13;0,00647127;0,016097284;1;0,776552386;-1,258009659;0,911768214;GO:0020037;heme binding;molecular_function;NO;NA
GO:0008417;20;2;0,006972444;0,017024741;1;0,826234636;1,12795048;2,293447738;GO:0008417;fucosyltransferase activity;molecular_function;NO;NA
GO:0006633;20;2;0,006972444;0,017024741;1;0,826234636;1,12795048;2,293447738;GO:0006633;fatty acid biosynthetic process;biological_process;NO;NA
GO:0003924;201;9;0,007404753;0,017753564;1;0,866356072;0,23590232;1,026916898;GO:0003924;GTPase activity;molecular_function;NO;NA
GO:0070976;7;1;0,007786219;0,018122311;1;0,891522071;0,694782668;3,276353911;GO:0070976;TIR domain binding;molecular_function;NO;NA
GO:0045087;7;1;0,007786219;0,018122311;1;0,891522071;0,694782668;3,276353911;GO:0045087;innate immune response;biological_process;NO;NA
GO:0006689;7;1;0,007786219;0,018122311;1;0,891522071;0,694782668;3,276353911;GO:0006689;ganglioside catabolic process;biological_process;NO;NA
GO:0000381;7;1;0,007786219;0,018122311;1;0,891522071;0,694782668;3,276353911;GO:0000381;regulation of alternative mRNA splicing, via spliceosome;biological_process;NO;NA
GO:0007221;22;2;0,009145341;0,020680942;1;1;1,040745528;2,084952489;GO:0007221;positive regulation of transcription of Notch receptor target;biological_process;NO;NA
GO:1901642;8;1;0,010245191;0,022653255;1;1;0,651180192;2,866809672;GO:1901642;nucleoside transmembrane transport;biological_process;NO;NA
GO:0043123;8;1;0,010245191;0,022653255;1;1;0,651180192;2,866809672;GO:0043123;positive regulation of canonical NF-kappaB signal transduction;biological_process;NO;NA
GO:0005337;8;1;0,010245191;0,022653255;1;1;0,651180192;2,866809672;GO:0005337;nucleoside transmembrane transporter activity;molecular_function;NO;NA
GO:0016830;23;2;0,010363528;0,022416761;1;1;0,997143051;1,994302381;GO:0016830;carbon-carbon lyase activity;molecular_function;NO;NA
GO:0005506;316;12;0,011573519;0,024764843;1;1;-1,778382423;0,870929521;GO:0005506;iron ion binding;molecular_function;NO;NA
GO:0006629;95;5;0,011956573;0,025312319;1;1;0,857764778;1,207077757;GO:0006629;lipid metabolic process;biological_process;NO;NA
GO:0002755;9;1;0,012999572;0,027230682;1;1;0,607577716;2,548275264;GO:0002755;MyD88-dependent toll-like receptor signaling pathway;biological_process;NO;NA
GO:0019752;25;2;0,013069456;0,027091894;1;1;0,909938099;1,83475819;GO:0019752;carboxylic acid metabolic process;biological_process;NO;NA
GO:0005576;224;9;0,015007274;0,03078812;1;1;-0,766954629;0,921474538;GO:0005576;extracellular region;cellular_component;NO;NA
GO:0030234;10;1;0,016036643;0,032398903;1;1;0,56397524;2,293447738;GO:0030234;enzyme regulator activity;molecular_function;NO;NA
GO:0005669;10;1;0,016036643;0,032398903;1;1;0,56397524;2,293447738;GO:0005669;transcription factor TFIID complex;cellular_component;NO;NA
GO:0005524;1073;31;0,0168019;0,03343578;1;1;-15,78545677;0,662599067;GO:0005524;ATP binding;molecular_function;NO;NA
GO:0009055;11;1;0,019344073;0,03811357;1;1;0,520372764;2,084952489;GO:0009055;electron transfer activity;molecular_function;NO;NA
GO:0070513;29;2;0,019582296;0,038018311;1;1;0,735528195;1,581688095;GO:0070513;death domain binding;molecular_function;NO;NA
GO:0002020;29;2;0,019582296;0,038018311;1;1;0,735528195;1,581688095;GO:0002020;protease binding;molecular_function;NO;NA
GO:0030527;53;3;0,021192945;0,040357857;1;1;0,689068771;1,298177965;GO:0030527;structural constituent of chromatin;molecular_function;NO;NA
GO:0016758;53;3;0,021192945;0,040357857;1;1;0,689068771;1,298177965;GO:0016758;hexosyltransferase activity;molecular_function;NO;NA
GO:0006518;12;1;0,02290991;0,042608151;1;1;0,476770288;1,911206448;GO:0006518;peptide metabolic process;biological_process;NO;NA
GO:0005125;12;1;0,02290991;0,042608151;1;1;0,476770288;1,911206448;GO:0005125;cytokine activity;molecular_function;NO;NA
GO:0003796;12;1;0,02290991;0,042608151;1;1;0,476770288;1,911206448;GO:0003796;lysozyme activity;molecular_function;NO;NA
GO:0007275;32;2;0,025443397;0,046451706;1;1;0,604720767;1,433404836;GO:0007275;multicellular organism development;biological_process;NO;NA
GO:0000226;13;1;0,02672257;0,047693196;1;1;0,433167812;1,764190568;GO:0000226;microtubule cytoskeleton organization;biological_process;NO;NA
GO:0016614;13;1;0,02672257;0,047693196;1;1;0,433167812;1,764190568;GO:0016614;oxidoreductase activity, acting on CH-OH group of donors;molecular_function;NO;NA
GO:0005516;13;1;0,02672257;0,047693196;1;1;0,433167812;1,764190568;GO:0005516;calmodulin binding;molecular_function;NO;NA
GO:0008047;13;1;0,02672257;0,047693196;1;1;0,433167812;1,764190568;GO:0008047;enzyme activator activity;molecular_function;NO;NA
GO:0000786;57;3;0,02687865;0,046919749;1;1;0,514658867;1,207077757;GO:0000786;nucleosome;cellular_component;NO;NA
GO:0016740;34;2;0,029816245;0,051595068;1;1;0,517515815;1,349086905;GO:0016740;transferase activity;molecular_function;NO;NA
GO:0016772;14;1;0,030770825;0,05278788;1;1;0,389565336;1,638176956;GO:0016772;transferase activity, transferring phosphorus-containing groups;molecular_function;NO;NA
GO:0046982;65;3;0,040748459;0,069307207;1;1;0,165839059;1,058514341;GO:0046982;protein heterodimerization activity;molecular_function;NO;NA
GO:0006352;17;1;0,044222074;0,074577904;1;1;0,258757908;1,349086905;GO:0006352;DNA-templated transcription initiation;biological_process;NO;NA
GO:0042246;20;1;0,059421944;0,098953697;1;1;0,12795048;1,146723869;GO:0042246;tissue regeneration;biological_process;NO;NA
GO:0008235;20;1;0,059421944;0,098953697;1;1;0,12795048;1,146723869;GO:0008235;metalloexopeptidase activity;molecular_function;NO;NA
GO:0008061;75;3;0,06282242;0,103319517;1;1;-0,270185702;0,917379095;GO:0008061;chitin binding;molecular_function;NO;NA
GO:0003729;21;1;0,064833154;0,105320797;1;1;0,084348004;1,09211797;GO:0003729;mRNA binding;molecular_function;NO;NA
GO:0016051;21;1;0,064833154;0,105320797;1;1;0,084348004;1,09211797;GO:0016051;carbohydrate biosynthetic process;biological_process;NO;NA
GO:0008194;47;2;0,066985312;0,107500621;1;1;-0,049316373;0,975935208;GO:0008194;UDP-glycosyltransferase activity;molecular_function;NO;NA
GO:0007219;22;1;0,070401935;0,111190358;1;1;0,040745528;1,042476245;GO:0007219;Notch signaling pathway;biological_process;NO;NA
GO:0050482;22;1;0,070401935;0,111190358;1;1;0,040745528;1,042476245;GO:0050482;arachidonate secretion;biological_process;NO;NA
GO:0004623;22;1;0,070401935;0,111190358;1;1;0,040745528;1,042476245;GO:0004623;phospholipase A2 activity;molecular_function;NO;NA
GO:0008146;111;4;0,071480579;0,111129963;1;1;-0,839874838;0,826467653;GO:0008146;sulfotransferase activity;molecular_function;NO;NA
GO:0016887;114;4;0,078119645;0,12051015;1;1;-0,970682267;0,804718505;GO:0016887;ATP hydrolysis activity;molecular_function;NO;NA
GO:0046873;24;1;0,081978847;0,12500989;1;1;-0,046459425;0,955603224;GO:0046873;metal ion transmembrane transporter activity;molecular_function;NO;NA
GO:0005874;24;1;0,081978847;0,12500989;1;1;-0,046459425;0,955603224;GO:0005874;microtubule;cellular_component;NO;NA
GO:0030001;25;1;0,087970968;0,131625734;1;1;-0,090061901;0,917379095;GO:0030001;metal ion transport;biological_process;NO;NA
GO:0016042;25;1;0,087970968;0,131625734;1;1;-0,090061901;0,917379095;GO:0016042;lipid catabolic process;biological_process;NO;NA
GO:0004500;25;1;0,087970968;0,131625734;1;1;-0,090061901;0,917379095;GO:0004500;dopamine beta-monooxygenase activity;molecular_function;NO;NA
GO:0016712;26;1;0,094088626;0,13818182;1;1;-0,133664377;0,882095284;GO:0016712;oxidoreductase activity, acting on paired donors, with incorporation or reduction of molecular oxygen, reduced flavin or flavoprotein as one donor, and incorporation of one atom of oxygen;molecular_function;NO;NA
GO:0004181;26;1;0,094088626;0,13818182;1;1;-0,133664377;0,882095284;GO:0004181;metallocarboxypeptidase activity;molecular_function;NO;NA
GO:0004888;351;10;0,095003157;0,137997287;1;1;-5,304469084;0,653403914;GO:0004888;transmembrane signaling receptor activity;molecular_function;NO;NA
GO:0016747;27;1;0,100324455;0,144670772;1;1;-0,177266853;0,849425088;GO:0016747;acyltransferase activity, transferring groups other than amino-acyl groups;molecular_function;NO;NA
GO:0016715;29;1;0,113122372;0,161371699;1;1;-0,264471805;0,790844048;GO:0016715;oxidoreductase activity, acting on paired donors, with incorporation or reduction of molecular oxygen, reduced ascorbate as one donor, and incorporation of one atom of oxygen;molecular_function;NO;NA
GO:0000413;29;1;0,113122372;0,161371699;1;1;-0,264471805;0,790844048;GO:0000413;protein peptidyl-prolyl isomerization;biological_process;NO;NA
GO:0006644;30;1;0,119670917;0,168897252;1;1;-0,308074281;0,764482579;GO:0006644;phospholipid metabolic process;biological_process;NO;NA
GO:0005507;61;2;0,121898894;0,17083014;1;1;-0,659751037;0,751950078;GO:0005507;copper ion binding;molecular_function;NO;NA
GO:0003950;31;1;0,126310536;0,175774802;1;1;-0,351676757;0,739821851;GO:0003950;NAD+-protein poly-ADP-ribosyltransferase activity;molecular_function;NO;NA
GO:0006418;32;1;0,133035012;0,183210847;1;1;-0,395279233;0,716702418;GO:0006418;tRNA aminoacylation for protein translation;biological_process;NO;NA
GO:0010181;32;1;0,133035012;0,183210847;1;1;-0,395279233;0,716702418;GO:0010181;FMN binding;molecular_function;NO;NA
GO:0016757;99;3;0,135766777;0,185051977;1;1;-1,316645126;0,694984163;GO:0016757;glycosyltransferase activity;molecular_function;NO;NA
GO:0016567;67;2;0,149176462;0,201946367;1;1;-0,921365893;0,684611265;GO:0016567;protein ubiquitination;biological_process;NO;NA
GO:0008643;35;1;0,153658555;0,206608462;1;1;-0,526086661;0,655270782;GO:0008643;carbohydrate transport;biological_process;NO;NA
GO:0030170;70;2;0,163486351;0,218347543;1;1;-1,052173322;0,655270782;GO:0030170;pyridoxal phosphate binding;molecular_function;NO;NA
GO:0005262;37;1;0,16772714;0,221778743;1;1;-0,613291613;0,61985074;GO:0005262;calcium channel activity;molecular_function;NO;NA
GO:0004812;37;1;0,16772714;0,221778743;1;1;-0,613291613;0,61985074;GO:0004812;aminoacyl-tRNA ligase activity;molecular_function;NO;NA
GO:0008168;108;3;0,169240038;0,22157084;1;1;-1,70906741;0,637068816;GO:0008168;methyltransferase activity;molecular_function;NO;NA
GO:0008484;38;1;0,174841637;0,22666766;1;1;-0,656894089;0,603538878;GO:0008484;sulfuric ester hydrolase activity;molecular_function;NO;NA
GO:0015293;38;1;0,174841637;0,22666766;1;1;-0,656894089;0,603538878;GO:0015293;symporter activity;molecular_function;NO;NA
GO:0051260;73;2;0,178183769;0,228764968;1;1;-1,18298075;0,628341846;GO:0051260;protein homooligomerization;biological_process;NO;NA
GO:0009247;111;3;0,180988707;0,230138995;1;1;-1,839874838;0,61985074;GO:0009247;glycolipid biosynthetic process;biological_process;NO;NA
GO:0001733;111;3;0,180988707;0,230138995;1;1;-1,839874838;0,61985074;GO:0001733;galactosylceramide sulfotransferase activity;molecular_function;NO;NA
GO:0046983;113;3;0,188967336;0,238003163;1;1;-1,92707979;0,60887993;GO:0046983;protein dimerization activity;molecular_function;NO;NA
GO:0016616;40;1;0,189206749;0,236805931;1;1;-0,744099041;0,573361934;GO:0016616;oxidoreductase activity, acting on the CH-OH group of donors, NAD or NADP as acceptor;molecular_function;NO;NA
GO:0006351;42;1;0,203722948;0,252591069;1;1;-0,831303993;0,546058985;GO:0006351;DNA-templated transcription;biological_process;NO;NA
GO:0003755;42;1;0,203722948;0,252591069;1;1;-0,831303993;0,546058985;GO:0003755;peptidyl-prolyl cis-trans isomerase activity;molecular_function;NO;NA
GO:0016702;43;1;0,211026916;0,259224421;1;1;-0,874906469;0,533359939;GO:0016702;oxidoreductase activity, acting on single donors with incorporation of molecular oxygen, incorporation of two atoms of oxygen;molecular_function;NO;NA
GO:0004386;45;1;0,225706368;0,27471295;1;1;-0,962111421;0,509655053;GO:0004386;helicase activity;molecular_function;NO;NA
GO:0005272;45;1;0,225706368;0,27471295;1;1;-0,962111421;0,509655053;GO:0005272;sodium channel activity;molecular_function;NO;NA
GO:0070588;48;1;0,247848083;0,298919809;1;1;-1,092918849;0,477801612;GO:0070588;calcium ion transmembrane transport;biological_process;NO;NA
GO:0016301;49;1;0,255247302;0,305989236;1;1;-1,136521325;0,468050559;GO:0016301;kinase activity;molecular_function;NO;NA
GO:0000287;50;1;0,262650386;0,312978604;1;1;-1,180123801;0,458689548;GO:0000287;magnesium ion binding;molecular_function;NO;NA
GO:0006814;56;1;0,306985536;0,363631677;1;1;-1,441738657;0,409544239;GO:0006814;sodium ion transport;biological_process;NO;NA
GO:0006281;99;2;0,315541446;0,370458689;1;1;-2,316645126;0,463322775;GO:0006281;DNA repair;biological_process;NO;NA
GO:0030246;99;2;0,315541446;0,370458689;1;1;-2,316645126;0,463322775;GO:0030246;carbohydrate binding;molecular_function;NO;NA
GO:0008289;62;1;0,350780022;0,408217687;1;1;-1,703353513;0,369910925;GO:0008289;lipid binding;molecular_function;NO;NA
GO:0043565;107;2;0,359092628;0,41546182;1;1;-2,665464934;0,42868182;GO:0043565;sequence-specific DNA binding;molecular_function;NO;NA
GO:0016787;168;3;0,430623722;0,495341738;1;1;-4,325215972;0,409544239;GO:0016787;hydrolase activity;molecular_function;NO;NA
GO:0016020;1295;26;0,431355286;0,49333162;1;1;-30,46520645;0,46046055;GO:0016020;membrane;cellular_component;NO;NA
GO:0016192;75;1;0,441820133;0,502412609;1;1;-2,270185702;0,305793032;GO:0016192;vesicle-mediated transport;biological_process;NO;NA
GO:0008017;77;1;0,455211787;0,514699691;1;1;-2,357390654;0,297850356;GO:0008017;microtubule binding;molecular_function;NO;NA
GO:0007166;87;1;0,519253597;0,582149103;1;1;-2,793415414;0,263614683;GO:0007166;cell surface receptor signaling pathway;biological_process;NO;NA
GO:0050660;87;1;0,519253597;0,582149103;1;1;-2,793415414;0,263614683;GO:0050660;flavin adenine dinucleotide binding;molecular_function;NO;NA
GO:0016491;397;7;0,535644617;0,595493177;1;1;-10,31018298;0,404386251;GO:0016491;oxidoreductase activity;molecular_function;NO;NA
GO:0006886;91;1;0,543425935;0,600787561;1;1;-2,967825318;0,252027224;GO:0006886;intracellular protein transport;biological_process;NO;NA
GO:0034220;212;3;0,611362931;0,672161454;1;1;-6,243724917;0,324544491;GO:0034220;monoatomic ion transmembrane transport;biological_process;NO;NA
GO:0003824;347;5;0,691043414;0,755591425;1;1;-10,13005918;0,330467974;GO:0003824;catalytic activity;molecular_function;NO;NA
GO:0046872;241;3;0,709054438;0,771048269;1;1;-7,508196721;0,28549142;GO:0046872;metal ion binding;molecular_function;NO;NA
GO:0004222;127;1;0,722104291;0,780971488;1;1;-4,537514455;0,180586436;GO:0004222;metalloendopeptidase activity;molecular_function;NO;NA
GO:0004930;637;10;0,724325482;0,779139302;1;1;-17,77477723;0,360038891;GO:0004930;G protein-coupled receptor activity;molecular_function;NO;NA
GO:0008237;133;1;0,745361499;0,797456658;1;1;-4,799129311;0,17243968;GO:0008237;metallopeptidase activity;molecular_function;NO;NA
GO:0007186;649;10;0,745922575;0,793789265;1;1;-18,29800694;0,353381778;GO:0007186;G protein-coupled receptor signaling pathway;biological_process;NO;NA
GO:0022857;313;4;0,74854418;0,792341978;1;1;-9,647574995;0,293092363;GO:0022857;transmembrane transporter activity;molecular_function;NO;NA
GO:0005230;199;2;0,759920788;0,800128237;1;1;-6,676892728;0,23049726;GO:0005230;extracellular ligand-gated monoatomic ion channel activity;molecular_function;NO;NA
GO:0016021;1879;32;0,793685975;0,831281626;1;1;-49,92905245;0,390581839;GO:0016021;GO_0016021;NA;NO;NA
GO:0006486;220;2;0,816072216;0,850253252;1;1;-7,592544725;0,208495249;GO:0006486;protein glycosylation;biological_process;NO;NA
GO:0005634;283;3;0,816784014;0,846562598;1;1;-9,339500714;0,243121668;GO:0005634;nucleus;cellular_component;NO;NA
GO:0005975;157;1;0,82233263;0,847897375;1;1;-5,845588735;0,146079474;GO:0005975;carbohydrate metabolic process;biological_process;NO;NA
GO:0005737;167;1;0,847726435;0,869575055;1;1;-6,281613496;0,1373322;GO:0005737;cytoplasm;cellular_component;NO;NA
GO:0003723;325;3;0,889383885;0,907627657;1;1;-11,17080471;0,211702868;GO:0003723;RNA binding;molecular_function;NO;NA
GO:0005216;376;3;0,942739274;0,957168956;1;1;-13,39453098;0,182987851;GO:0005216;monoatomic ion channel activity;molecular_function;NO;NA
GO:0006811;407;3;0,962401398;0,972171971;1;1;-14,74620774;0,169050202;GO:0006811;monoatomic ion transport;biological_process;NO;NA
GO:0006355;417;3;0,96726721;0,972152398;1;1;-15,1822325;0,16499624;GO:0006355;regulation of DNA-templated transcription;biological_process;NO;NA
GO:0055085;606;5;0,98183716;0,98183716;1;0,98183716;-21,42310047;0,189228361;GO:0055085;transmembrane transport;biological_process;NO;NA
