ID;total_counts;observed_counts;pvalue;FDR;Bonferroni;Holm-Bonferroni;value;description;diffexpressed;delabel
PF03175;2;2;0;0;0;0;1,912795048;DNA polymerase type B, organellar and viral;NO;NA
PF12762;1;1;0;0;0;0;0,956397524;ISXO2-like transposase domain;NO;NA
PF13148;1;1;0;0;0;0;0,956397524;Protein of unknown function (DUF3987);NO;NA
PF02342;1;1;0;0;0;0;0,956397524;TerD domain;NO;NA
PF18802;1;1;0;0;0;0;0,956397524;CxC1 like cysteine cluster associated with KDZ transposases;NO;NA
PF01464;1;1;0;0;0;0;0,956397524;Transglycosylase SLT domain;NO;NA
PF12191;1;1;0;0;0;0;0,956397524;Tumour necrosis factor receptor stn_TNFRSF12A_TNFR domain;NO;NA
PF00531;234;35;1,04E-18;4,03E-17;3,22E-16;3,15E-16;24,79702061;Death domain;UP;Death 
PF20231;24;12;1,69E-15;5,81E-14;5,23E-13;5,09E-13;10,95354058;Family of unknown function (DUF6589);UP;unknown
PF01335;57;16;1,57E-14;4,84E-13;4,84E-12;4,70E-12;13,51465887;Death effector domain;UP;Death eff
PF02841;17;8;5,45E-11;1,53E-09;1,68E-08;1,63E-08;7,258757908;Guanylate-binding protein, C-terminal domain;UP;GBP_C
PF02263;20;8;3,53E-10;9,08E-09;1,09E-07;1,05E-07;7,12795048;Guanylate-binding protein, N-terminal domain;UP;GBP_N
PF00656;45;11;5,02E-10;1,19E-08;1,55E-07;1,49E-07;9,037888579;Caspase domain;UP;Caspase 
PF13820;16;7;1,21E-09;2,66E-08;3,73E-07;3,57E-07;6,302360384;Putative nucleic acid-binding region;UP;nucleic bind
PF04548;12;6;3,31E-09;6,82E-08;1,02E-06;9,77E-07;5,476770288;AIG1 family;UP;AIG1 
PF00084;265;24;8,61E-09;1,66E-07;2,66E-06;2,53E-06;12,44534385;Sushi repeat (SCR repeat);UP;SCR
PF10421;9;5;1,53E-08;2,78E-07;4,73E-06;4,48E-06;4,607577716;2'-5'-oligoadenylate synthetase 1, domain 2, C-terminus;UP;2'-5'-olig
PF04089;21;7;1,71E-08;2,94E-07;5,30E-06;5,01E-06;6,084348004;BRICHOS domain;UP;BRICHOS 
PF02902;15;6;2,53E-08;4,11E-07;7,81E-06;7,35E-06;5,34596286;Ulp1 protease family, C-terminal catalytic domain;UP;Ulp1
PF16977;13;5;2,88E-07;4,45E-06;8,89E-05;8,35E-05;4,433167812;C-terminal domain of apextrin;UP;apex
PF01079;4;3;3,36E-07;4,95E-06;0,000103904;9,72E-05;2,825590096;Hint module;NO;NA
PF00020;23;6;8,13E-07;1,14E-05;0,000251168;0,000234098;4,997143051;TNFR/NGFR cysteine-rich region;UP;TNFR/NGFR
PF13676;75;10;1,82E-06;2,45E-05;0,000563216;0,000523116;6,729814298;TIR domain;UP;TIR 
PF13359;17;5;1,91E-06;2,46E-05;0,000590348;0,000546406;4,258757908;DDE superfamily endonuclease;UP;DDE 
PF01510;11;4;3,31E-06;4,09E-05;0,001021772;0,000942411;3,520372764;N-acetylmuramoyl-L-alanine amidase;NO;NA
PF18758;6;3;4,85E-06;5,77E-05;0,00149925;0,001377951;2,738385144;Kyakuja-Dileera-Zisupton transposase;NO;NA
PF04970;12;4;5,56E-06;6,24E-05;0,001716694;0,001569469;3,476770288;Lecithin retinol acyltransferase;NO;NA
PF02992;12;4;5,56E-06;6,24E-05;0,001716694;0,001569469;3,476770288;Transposase family tnp2;NO;NA
PF02494;30;6;5,83E-06;6,21E-05;0,001799954;0,001636851;4,691925719;HYR domain;UP;HYR domain
PF18803;3;2;1,40E-05;0,00014403;0,00432089;0,00391537;1,869192572;CxC2 like cysteine cluster associated with KDZ transposases;NO;NA
PF13365;16;4;2,83E-05;0,000281814;0,008736238;0,007888059;3,302360384;Trypsin-like peptidase domain;NO;NA
PF00619;101;10;3,35E-05;0,000323543;0,010353386;0,009314696;5,596149922;Caspase recruitment domain;UP;Caspase  
PF00096;717;35;3,66E-05;0,000342727;0,011310007;0,010138744;3,737024692;Zinc finger, C2H2 type;NO;NA
PF00008;294;19;3,67E-05;0,000333761;0,011347889;0,010135979;6,18087205;EGF-like domain;UP;EGF-like 
PF14704;9;3;3,85E-05;0,000339517;0,011883108;0,010575582;2,607577716;Dermatopontin;NO;NA
PF00059;450;25;4,59E-05;0,000393811;0,014177188;0,012571358;5,37888579;Lectin C-type domain;UP;Lectin C
PF01926;28;5;4,64E-05;0,00038712;0,014323437;0,012654687;3,779130671;50S ribosome-binding GTPase;NO;NA
PF16095;70;8;4,64E-05;0,000377234;0,014334896;0,01261842;4,947826678;C-terminal of Roc, COR, domain;UP;ROC
PF13553;19;4;7,09E-05;0,000554383;0,021898135;0,019169727;3,171552956;Function to find;NO;NA
PF00755;19;4;7,09E-05;0,000554383;0,021898135;0,019169727;3,171552956;Choline/Carnitine o-acyltransferase;NO;NA
PF00791;31;5;8,52E-05;0,000641921;0,026318771;0,02291181;3,648323243;ZU5 domain;NO;NA
PF01823;45;6;9,48E-05;0,000697507;0,029295293;0,025408215;4,037888579;MAC/Perforin domain;UP;MAC
PF20173;5;2;0,000134839;0,000957823;0,04166532;0,035934653;1,78198762;Family of unknown function (DUF6539);NO;NA
PF03492;5;2;0,000134839;0,000957823;0,04166532;0,035934653;1,78198762;SAM dependent carboxyl methyltransferase;NO;NA
PF05699;12;3;0,000142576;0,000979019;0,04405586;0,037782534;2,476770288;hAT family C-terminal dimerisation region;NO;NA
PF01436;191;13;0,000242761;0,001630719;0,075013095;0,064088857;4,67192708;NHL repeat;UP;NHL repeat
PF12796;289;17;0,000263585;0,001732931;0,081447753;0,069322845;4,39888443;Ankyrin repeats (3 copies);UP;Ank repeats
PF06918;6;2;0,000264827;0,001704821;0,081831391;0,069384546;1,738385144;Protein of unknown function (DUF1280);NO;NA
PF07714;266;16;0,000286514;0,001806795;0,08853294;0,07478025;4,401741378;Protein tyrosine and serine/threonine kinase;UP;SER/THR kinase
PF00082;25;4;0,000287175;0,001774744;0,088737184;0,074665592;2,909938099;Subtilase family;NO;NA
PF07974;15;3;0,000371086;0,002226516;0,114665579;0,095925735;2,34596286;EGF-like domain;NO;NA
PF00264;15;3;0,000371086;0,002226516;0,114665579;0,095925735;2,34596286;Common central domain of tyrosinase;NO;NA
PF12947;112;9;0,000392469;0,002288166;0,121272777;0,100864413;4,116522686;EGF domain;UP;EGF 
PF05729;75;7;0,000450766;0,002579382;0,139286612;0,115396028;3,729814298;NACHT domain;NO;NA
PF11648;7;2;0,000455118;0,002533903;0,140631594;0,11582764;1,694782668;C-terminal domain of RIG-I;NO;NA
PF01764;7;2;0,000455118;0,002533903;0,140631594;0,11582764;1,694782668;Lipase (class 3);NO;NA
PF05184;2;1;0,000580964;0,003017107;0,179517871;0,145531478;0,912795048;Saposin-like type B, region 1;NO;NA
PF16900;2;1;0,000580964;0,003017107;0,179517871;0,145531478;0,912795048;Replication protein A OB domain;NO;NA
PF03015;2;1;0,000580964;0,003017107;0,179517871;0,145531478;0,912795048;Male sterility protein;NO;NA
PF01227;2;1;0,000580964;0,003017107;0,179517871;0,145531478;0,912795048;GTP cyclohydrolase I;NO;NA
PF00034;2;1;0,000580964;0,003017107;0,179517871;0,145531478;0,912795048;Cytochrome c;NO;NA
PF04852;2;1;0,000580964;0,003017107;0,179517871;0,145531478;0,912795048;ALOG domain;NO;NA
PF09588;17;3;0,000622619;0,003053797;0,192389205;0,15378684;2,258757908;YqaJ-like viral recombinase domain;NO;NA
PF00038;30;4;0,000697176;0,003366052;0,215427315;0,171505241;2,691925719;Intermediate filament protein;NO;NA
PF16739;8;2;0,00071512;0,003373621;0,220972147;0,174846893;1,651180192;Caspase recruitment domain;NO;NA
PF00751;8;2;0,00071512;0,003373621;0,220972147;0,174846893;1,651180192;DM DNA binding domain;NO;NA
PF12902;9;2;0,001053452;0,00478701;0,325516667;0,254935383;1,607577716;Ferritin-like;NO;NA
PF04851;9;2;0,001053452;0,00478701;0,325516667;0,254935383;1,607577716;Type III restriction enzyme, res subunit;NO;NA
PF00050;9;2;0,001053452;0,00478701;0,325516667;0,254935383;1,607577716;Kazal-type serine protease inhibitor domain;NO;NA
PF13637;69;6;0,001367875;0,005995367;0,422673387;0,327606071;2,991429154;Ankyrin repeats (many copies);NO;NA
PF07699;69;6;0,001367875;0,005995367;0,422673387;0,327606071;2,991429154;Tyrosine-protein kinase ephrin type A/B receptor-like;NO;NA
PF00144;21;3;0,001450114;0,006223405;0,448085138;0,345127064;2,084348004;Beta-lactamase;NO;NA
PF09412;10;2;0,001477988;0,006130179;0,456698353;0,34806622;1,56397524;Endoribonuclease XendoU;NO;NA
PF00653;10;2;0,001477988;0,006130179;0,456698353;0,34806622;1,56397524;Inhibitor of Apoptosis domain;NO;NA
PF14765;10;2;0,001477988;0,006130179;0,456698353;0,34806622;1,56397524;Polyketide synthase dehydratase;NO;NA
PF03281;10;2;0,001477988;0,006130179;0,456698353;0,34806622;1,56397524;Mab-21 protein nucleotidyltransferase domain;NO;NA
PF03489;3;1;0,001714925;0,006501986;0,529911832;0,391860368;0,869192572;Saposin-like type B, region 2;NO;NA
PF13960;3;1;0,001714925;0,006501986;0,529911832;0,391860368;0,869192572;Domain of unknown function (DUF4218);NO;NA
PF02961;3;1;0,001714925;0,006501986;0,529911832;0,391860368;0,869192572;Barrier to autointegration factor;NO;NA
PF01551;3;1;0,001714925;0,006501986;0,529911832;0,391860368;0,869192572;Peptidase family M23;NO;NA
PF05907;3;1;0,001714925;0,006501986;0,529911832;0,391860368;0,869192572;CXXC motif containing zinc binding protein, eukaryotic;NO;NA
PF06869;3;1;0,001714925;0,006501986;0,529911832;0,391860368;0,869192572;Protein of unknown function (DUF1258);NO;NA
PF07535;3;1;0,001714925;0,006501986;0,529911832;0,391860368;0,869192572;DBF zinc finger;NO;NA
PF07531;3;1;0,001714925;0,006501986;0,529911832;0,391860368;0,869192572;NHR1 homology to TAF;NO;NA
PF09382;3;1;0,001714925;0,006501986;0,529911832;0,391860368;0,869192572;RQC domain;NO;NA
PF06032;3;1;0,001714925;0,006501986;0,529911832;0,391860368;0,869192572;Protein of unknown function (DUF917);NO;NA
PF13909;425;20;0,001744059;0,006194416;0,538914181;0,388925121;1,468947691;C2H2-type zinc-finger domain;NO;NA
PF10545;11;2;0,001995895;0,006890857;0,616731684;0,440094939;1,520372764;Alcohol dehydrogenase transcription factor Myb/SANT-like;NO;NA
PF08659;11;2;0,001995895;0,006890857;0,616731684;0,440094939;1,520372764;KR domain;NO;NA
PF01483;11;2;0,001995895;0,006890857;0,616731684;0,440094939;1,520372764;Proprotein convertase P-domain;NO;NA
PF20266;11;2;0,001995895;0,006890857;0,616731684;0,440094939;1,520372764;Mab-21 protein HhH/H2TH-like domain;NO;NA
PF00092;140;9;0,002182829;0,007331458;0,674494111;0,475856687;2,895653357;von Willebrand factor type A domain;NO;NA
PF13606;39;4;0,002355927;0,007827759;0,727981565;0,511236245;2,299503435;Ankyrin repeat;NO;NA
PF00931;12;2;0,002613669;0,008546282;0,807623625;0,563245602;1,476770288;NB-ARC domain;NO;NA
PF16470;12;2;0,002613669;0,008546282;0,807623625;0,563245602;1,476770288;Peptidase S8 pro-domain;NO;NA
PF13445;169;10;0,002790731;0,008982666;0,86233589;0,597216442;2,631181552;RING-type zinc-finger;NO;NA
PF07647;25;3;0,00283947;0,009045323;0,877396363;0,604807201;1,909938099;SAM domain (Sterile alpha motif);NO;NA
PF00147;195;11;0,002914262;0,009188848;0,900507112;0,61782365;2,497517176;Fibrinogen beta and gamma chains, C-terminal globular domain;NO;NA
PF00028;60;5;0,003205525;0,010005123;0,990507158;0,676365729;2,383851439;Cadherin domain;NO;NA
PF08477;80;6;0,003208803;0,009915201;0,991520064;0,673848587;2,511801918;Ras of Complex, Roc, domain of DAPkinase;NO;NA
PF13489;26;3;0,00329237;0,010072697;1;0,688105346;1,866335623;Methyltransferase domain;NO;NA
PF02801;13;2;0,003337166;0,009915234;1;0,687456253;1,433167812;Beta-ketoacyl synthase, C-terminal domain;NO;NA
PF05049;13;2;0,003337166;0,009915234;1;0,687456253;1,433167812;Interferon-inducible GTPase (IIGP);NO;NA
PF16197;13;2;0,003337166;0,009915234;1;0,687456253;1,433167812;Ketoacyl-synthetase C-terminal extension;NO;NA
PF10551;13;2;0,003337166;0,009915234;1;0,687456253;1,433167812;MULE transposase domain;NO;NA
PF00193;13;2;0,003337166;0,009915234;1;0,687456253;1,433167812;Extracellular link domain;NO;NA
PF03101;4;1;0,003374925;0,009437573;1;0,673297531;0,825590096;FAR1 DNA-binding domain;NO;NA
PF00589;4;1;0,003374925;0,009437573;1;0,673297531;0,825590096;Phage integrase family;NO;NA
PF05378;4;1;0,003374925;0,009437573;1;0,673297531;0,825590096;Hydantoinase/oxoprolinase N-terminal region;NO;NA
PF10491;4;1;0,003374925;0,009437573;1;0,673297531;0,825590096;NLS-binding and DNA-binding and dimerisation domains of Nrf1;NO;NA
PF03068;4;1;0,003374925;0,009437573;1;0,673297531;0,825590096;Protein-arginine deiminase (PAD);NO;NA
PF07670;4;1;0,003374925;0,009437573;1;0,673297531;0,825590096;Nucleoside recognition;NO;NA
PF02229;4;1;0,003374925;0,009437573;1;0,673297531;0,825590096;Transcriptional Coactivator p15 (PC4);NO;NA
PF02824;4;1;0,003374925;0,009437573;1;0,673297531;0,825590096;TGS domain;NO;NA
PF13912;127;8;0,003757298;0,010095697;1;0,732673138;2,462485545;C2H2-type zinc finger;NO;NA
PF00109;14;2;0,004171643;0,011064701;1;0,807212924;1,389565336;Beta-ketoacyl synthase, N-terminal domain;NO;NA
PF00698;14;2;0,004171643;0,011064701;1;0,807212924;1,389565336;Acyl transferase domain;NO;NA
PF00090;131;8;0,004606567;0,01206296;1;0,884460931;2,288075641;Thrombospondin type 1 domain;NO;NA
PF13613;15;2;0,005121782;0,013299418;1;0,978260414;1,34596286;Helix-turn-helix of DDE superfamily endonuclease;NO;NA
PF00024;47;4;0,005359877;0,013801684;1;1;1,950683627;PAN domain;NO;NA
PF00579;5;1;0,005534982;0,013682476;1;1;0,78198762;tRNA synthetases class I (W and Y);NO;NA
PF03782;5;1;0,005534982;0,013682476;1;1;0,78198762;AMOP domain;NO;NA
PF01773;5;1;0,005534982;0,013682476;1;1;0,78198762;Na+ dependent nucleoside transporter N-terminus;NO;NA
PF01230;5;1;0,005534982;0,013682476;1;1;0,78198762;HIT domain;NO;NA
PF02894;5;1;0,005534982;0,013682476;1;1;0,78198762;Oxidoreductase family, C-terminal alpha/beta domain;NO;NA
PF02883;5;1;0,005534982;0,013682476;1;1;0,78198762;Adaptin C-terminal domain;NO;NA
PF02023;5;1;0,005534982;0,013682476;1;1;0,78198762;SCAN domain;NO;NA
PF07662;5;1;0,005534982;0,013682476;1;1;0,78198762;Na+ dependent nucleoside transporter C-terminus;NO;NA
PF00658;5;1;0,005534982;0,013682476;1;1;0,78198762;Poly-adenylate binding protein, unique domain;NO;NA
PF00385;16;2;0,006191727;0,014717258;1;1;1,302360384;Chromo (CHRromatin Organisation MOdifier) domain;NO;NA
PF01661;31;3;0,006301011;0,014862691;1;1;1,648323243;Macro domain;NO;NA
PF00665;17;2;0,007385107;0,017222626;1;1;1,258757908;Integrase core domain;NO;NA
PF00811;17;2;0,007385107;0,017222626;1;1;1,258757908;Ependymin;NO;NA
PF00100;72;5;0,007852379;0,018107352;1;1;1,860621726;Zona pellucida-like domain;NO;NA
PF07707;306;14;0,007943577;0,018181966;1;1;0,657642337;BTB And C-terminal Kelch;NO;NA
PF13868;6;1;0,00817006;0,017841332;1;1;0,738385144;Trichohyalin-plectin-homology domain;NO;NA
PF16124;6;1;0,00817006;0,017841332;1;1;0,738385144;RecQ zinc-binding;NO;NA
PF01408;6;1;0,00817006;0,017841332;1;1;0,738385144;Oxidoreductase family, NAD-binding Rossmann fold;NO;NA
PF02807;6;1;0,00817006;0,017841332;1;1;0,738385144;ATP:guanido phosphotransferase, N-terminal domain;NO;NA
PF00217;6;1;0,00817006;0,017841332;1;1;0,738385144;ATP:guanido phosphotransferase, C-terminal catalytic domain;NO;NA
PF04326;6;1;0,00817006;0,017841332;1;1;0,738385144;Putative DNA-binding domain;NO;NA
PF18119;6;1;0,00817006;0,017841332;1;1;0,738385144;RIG-I receptor C-terminal domain;NO;NA
PF00452;6;1;0,00817006;0,017841332;1;1;0,738385144;Apoptosis regulator proteins, Bcl-2 family;NO;NA
PF00732;6;1;0,00817006;0,017841332;1;1;0,738385144;GMC oxidoreductase;NO;NA
PF15394;6;1;0,00817006;0,017841332;1;1;0,738385144;Domain of unknown function (DUF4616);NO;NA
PF07993;6;1;0,00817006;0,017841332;1;1;0,738385144;Male sterility protein;NO;NA
PF17908;6;1;0,00817006;0,017841332;1;1;0,738385144;APAF-1 helical domain;NO;NA
PF17921;18;2;0,00870507;0,018174776;1;1;1,215155432;Integrase zinc binding domain;NO;NA
PF00098;34;3;0,008773958;0,018195657;1;1;1,517515815;Zinc knuckle;NO;NA
PF00067;254;12;0,009232236;0,019018405;1;1;0,92497109;Cytochrome P450;NO;NA
PF00629;75;5;0,009528045;0,019497787;1;1;1,729814298;MAM domain, meprin/A5/mu;NO;NA
PF09815;19;2;0,010154309;0,020642641;1;1;1,171552956;XK-related protein;NO;NA
PF01582;36;3;0,010730975;0,021672362;1;1;1,430310863;TIR domain;NO;NA
PF18346;7;1;0,011256037;0,022512073;1;1;0,694782668;Mind bomb SH3 repeat domain;NO;NA
PF13837;7;1;0,011256037;0,022512073;1;1;0,694782668;Myb/SANT-like DNA-binding domain;NO;NA
PF17039;20;2;0,011735081;0,023170225;1;1;1,12795048;Fucosyltransferase, N-terminal;NO;NA
PF00852;20;2;0,011735081;0,023170225;1;1;1,12795048;Glycosyltransferase family 10 (fucosyltransferase) C-term;NO;NA
PF00125;37;3;0,011806766;0,023090447;1;1;1,386708387;Core histone H2A/H2B/H3/H4;NO;NA
PF13424;102;6;0,011879861;0,023087277;1;1;1,552547446;Tetratricopeptide repeat;NO;NA
PF00350;21;2;0,013449243;0,02597385;1;1;1,084348004;Dynamin family;NO;NA
PF03445;59;4;0,013826846;0,026537238;1;1;1,427453915;Putative nucleotidyltransferase DUF294;NO;NA
PF13855;450;18;0,014043744;0,026787141;1;1;-1,62111421;Leucine rich repeat;NO;NA
PF00354;39;3;0,014160007;0,026679525;1;1;1,299503435;Pentaxin family;NO;NA
PF17170;39;3;0,014160007;0,026679525;1;1;1,299503435;6-bladed beta-propeller;NO;NA
PF02338;39;3;0,014160007;0,026679525;1;1;1,299503435;OTU-like cysteine protease;NO;NA
PF01390;82;5;0,014400875;0,026806448;1;1;1,424596966;SEA domain;NO;NA
PF10142;8;1;0,014769675;0,027246744;1;1;0,651180192;PhoPQ-activated pathogenicity-related protein;NO;NA
PF06155;8;1;0,014769675;0,027246744;1;1;0,651180192;Gamma-butyrobetaine hydroxylase-like, N-terminal;NO;NA
PF13176;61;4;0,015802102;0,028892601;1;1;1,340248963;Tetratricopeptide repeat;NO;NA
PF00271;108;6;0,015873497;0,028852415;1;1;1,29093259;Helicase conserved C-terminal domain;NO;NA
PF00282;23;2;0,017283256;0,031231147;1;1;0,997143051;Pyridoxal-dependent decarboxylase conserved domain;NO;NA
PF00240;42;3;0,018212706;0,032719338;1;1;1,168696007;Ubiquitin family;NO;NA
PF05199;9;1;0,018688596;0,032718279;1;1;0,607577716;GMC oxidoreductase;NO;NA
PF00268;9;1;0,018688596;0,032718279;1;1;0,607577716;Ribonucleotide reductase, small chain;NO;NA
PF08212;9;1;0,018688596;0,032718279;1;1;0,607577716;Lipocalin-like domain;NO;NA
PF09772;9;1;0,018688596;0,032718279;1;1;0,607577716;Transmembrane protein 26;NO;NA
PF13733;9;1;0,018688596;0,032718279;1;1;0,607577716;N-terminal region of glycosyl transferase group 7;NO;NA
PF04505;9;1;0,018688596;0,032718279;1;1;0,607577716;Interferon-induced transmembrane protein;NO;NA
PF16673;9;1;0,018688596;0,032718279;1;1;0,607577716;TNF receptor-associated factor BIRC3 binding domain;NO;NA
PF14291;9;1;0,018688596;0,032718279;1;1;0,607577716;Domain of unknown function (DUF4371);NO;NA
PF13639;44;3;0,021275561;0,036221204;1;1;1,081491055;Ring finger domain;NO;NA
PF08205;44;3;0,021275561;0,036221204;1;1;1,081491055;CD80-like C2-set immunoglobulin domain;NO;NA
PF12012;10;1;0,022991248;0,038401598;1;1;0,56397524;Domain of unknown function (DUF3504);NO;NA
PF08450;10;1;0,022991248;0,038401598;1;1;0,56397524;SMP-30/Gluconolactonase/LRE-like region;NO;NA
PF00550;10;1;0,022991248;0,038401598;1;1;0,56397524;Phosphopantetheine attachment site;NO;NA
PF02221;10;1;0,022991248;0,038401598;1;1;0,56397524;ML domain;NO;NA
PF18738;10;1;0,022991248;0,038401598;1;1;0,56397524;DZIP3/ hRUL138-like HEPN;NO;NA
PF13465;69;4;0,025554518;0,041890429;1;1;0,991429154;Zinc-finger double domain;NO;NA
PF01753;69;4;0,025554518;0,041890429;1;1;0,991429154;MYND finger;NO;NA
PF13620;11;1;0,027656882;0,044510295;1;1;0,520372764;Carboxypeptidase regulatory-like domain;NO;NA
PF19028;11;1;0,027656882;0,044510295;1;1;0,520372764;Spondin-like TSP1 domain;NO;NA
PF13472;11;1;0,027656882;0,044510295;1;1;0,520372764;GDSL-like Lipase/Acylhydrolase family;NO;NA
PF02709;11;1;0,027656882;0,044510295;1;1;0,520372764;N-terminal domain of galactosyltransferase;NO;NA
PF07177;11;1;0,027656882;0,044510295;1;1;0,520372764;Neuralized;NO;NA
PF05485;29;2;0,0320707;0,050819725;1;1;0,735528195;THAP domain;NO;NA
PF00501;50;3;0,03226671;0,050869456;1;1;0,819876199;AMP-binding enzyme;NO;NA
PF13469;12;1;0,032665525;0,050978016;1;1;0,476770288;Sulfotransferase family;NO;NA
PF09458;12;1;0,032665525;0,050978016;1;1;0,476770288;H-type lectin domain;NO;NA
PF06083;12;1;0,032665525;0,050978016;1;1;0,476770288;Interleukin-17;NO;NA
PF00643;212;9;0,03385636;0,052308077;1;1;-0,243724917;B-box zinc finger;NO;NA
PF01734;30;2;0,035012653;0,05369186;1;1;0,691925719;Patatin-like phospholipase;NO;NA
PF02460;30;2;0,035012653;0,05369186;1;1;0,691925719;Patched family;NO;NA
PF06312;52;3;0,03654504;0,055627671;1;1;0,732671247;Neurexophilin;NO;NA
PF01161;13;1;0,037997954;0,057555724;1;1;0,433167812;Phosphatidylethanolamine-binding protein;NO;NA
PF13927;247;10;0,038425517;0,057919438;1;1;-0,769811577;Immunoglobulin domain;NO;NA
PF00536;53;3;0,038800761;0,058201141;1;1;0,689068771;SAM domain (Sterile alpha motif);NO;NA
PF13385;54;3;0,041134316;0,061403399;1;1;0,645466295;Concanavalin A-like lectin/glucanases superfamily;NO;NA
PF12248;32;2;0,041298176;0,061204491;1;1;0,604720767;Farnesoic acid 0-methyl transferase;NO;NA
PF06119;32;2;0,041298176;0,061204491;1;1;0,604720767;Nidogen-like;NO;NA
PF07645;220;9;0,041832472;0,061553495;1;1;-0,592544725;Calcium-binding EGF domain;NO;NA
PF01234;14;1;0,043635672;0,063601051;1;1;0,389565336;NNMT/PNMT/TEMT family;NO;NA
PF12832;14;1;0,043635672;0,063601051;1;1;0,389565336;MFS_1 like family;NO;NA
PF04969;14;1;0,043635672;0,063601051;1;1;0,389565336;CS domain;NO;NA
PF13330;33;2;0,04463903;0,064455422;1;1;0,561118291;Mucin-2 protein WxxW repeating region;NO;NA
PF13894;57;3;0,048601679;0,069850785;1;1;0,514658867;C2H2-type zinc finger;NO;NA
PF00530;109;5;0,048756764;0,069749259;1;1;0,247330114;Scavenger receptor cysteine-rich domain;NO;NA
PF00041;196;8;0,04911389;0,069936368;1;1;-0,5460853;Fibronectin type III domain;NO;NA
PF00068;15;1;0,049560886;0,070088393;1;1;0,34596286;Phospholipase A2;NO;NA
PF03142;15;1;0,049560886;0,070088393;1;1;0,34596286;Chitin synthase;NO;NA
PF15711;35;2;0,05170884;0,072627417;1;1;0,473913339;Interleukin-like EMT inducer;NO;NA
PF00094;111;5;0,052416168;0,073287764;1;1;0,160125162;von Willebrand factor type D domain;NO;NA
PF02225;16;1;0,05575648;0,077432595;1;1;0,302360384;PA domain;NO;NA
PF18102;16;1;0,05575648;0,077432595;1;1;0,302360384;Deltex C-terminal domain;NO;NA
PF00106;142;6;0,057012179;0,078646265;1;1;-0,191551595;short chain dehydrogenase;NO;NA
PF00754;235;9;0,060053403;0,08247334;1;1;-1,246581865;F5/8 type C domain;NO;NA
PF01757;17;1;0,062205997;0,085051562;1;1;0,258757908;Acyltransferase family;NO;NA
PF01391;117;5;0,064373011;0,087626698;1;1;-0,101489695;Collagen triple helix repeat (20 copies);NO;NA
PF13640;18;1;0,068893613;0,093164667;1;1;0,215155432;2OG-Fe(II) oxygenase superfamily;NO;NA
PF07731;18;1;0,068893613;0,093164667;1;1;0,215155432;Multicopper oxidase;NO;NA
PF02010;40;2;0,071554952;0,096132523;1;1;0,255900959;REJ domain;NO;NA
PF00088;19;1;0,075804119;0,100746119;1;1;0,171552956;Trefoil (P-type) domain;NO;NA
PF04923;19;1;0,075804119;0,100746119;1;1;0,171552956;Ninjurin;NO;NA
PF01070;19;1;0,075804119;0,100746119;1;1;0,171552956;FMN-dependent dehydrogenase;NO;NA
PF03221;19;1;0,075804119;0,100746119;1;1;0,171552956;Tc5 transposase DNA-binding domain;NO;NA
PF00270;68;3;0,081856422;0,107632487;1;1;0,035031631;DEAD/DEAH box helicase;NO;NA
PF02668;20;1;0,082922901;0,107887058;1;1;0,12795048;Taurine catabolism dioxygenase TauD, TfdA family;NO;NA
PF00036;20;1;0,082922901;0,107887058;1;1;0,12795048;EF hand;NO;NA
PF02176;20;1;0,082922901;0,107887058;1;1;0,12795048;TRAF-type zinc finger;NO;NA
PF02412;20;1;0,082922901;0,107887058;1;1;0,12795048;Thrombospondin type 3 repeat;NO;NA
PF13181;70;3;0,088856223;0,114402387;1;1;-0,052173322;Tetratricopeptide repeat;NO;NA
PF13895;44;2;0,089512304;0,114768887;1;1;0,081491055;Immunoglobulin domain;NO;NA
PF10162;21;1;0,090235918;0,114981025;1;1;0,084348004;G8 domain;NO;NA
PF02535;21;1;0,090235918;0,114981025;1;1;0,084348004;ZIP Zinc transporter;NO;NA
PF00535;45;2;0,09426904;0,11913756;1;1;0,037888579;Glycosyl transferase family 2;NO;NA
PF13920;45;2;0,09426904;0,11913756;1;1;0,037888579;Zinc finger, C3HC4 type (RING finger);NO;NA
PF02958;22;1;0,097729683;0,122758016;1;1;0,040745528;Ecdysteroid kinase-like family;NO;NA
PF13374;46;2;0,099127199;0,124009329;1;1;-0,005713897;Tetratricopeptide repeat;NO;NA
PF00201;47;2;0,104083928;0,129685216;1;1;-0,049316373;UDP-glucoronosyl and UDP-glucosyl transferase;NO;NA
PF17862;23;1;0,105391247;0,130786729;1;1;-0,002856949;AAA+ lid domain;NO;NA
PF00386;48;2;0,109136338;0,134892513;1;1;-0,092918849;C1q domain;NO;NA
PF08344;24;1;0,11320818;0,139367839;1;1;-0,046459425;Transient receptor ion channel II;NO;NA
PF00305;25;1;0,12116855;0,148575721;1;1;-0,090061901;Lipoxygenase;NO;NA
PF00534;51;2;0,124838335;0,152470535;1;1;-0,223726277;Glycosyl transferases group 1;NO;NA
PF00086;26;1;0,129260911;0,156327285;1;1;-0,133664377;Thyroglobulin type-1 repeat;NO;NA
PF00160;26;1;0,129260911;0,156327285;1;1;-0,133664377;Cyclophilin type peptidyl-prolyl cis-trans isomerase/CLD;NO;NA
PF00246;26;1;0,129260911;0,156327285;1;1;-0,133664377;Zinc carboxypeptidase;NO;NA
PF03712;26;1;0,129260911;0,156327285;1;1;-0,133664377;Copper type II ascorbate-dependent monooxygenase, C-terminal domain;NO;NA
PF00017;53;2;0,135730644;0,162246688;1;1;-0,310931229;SH2 domain;NO;NA
PF08742;53;2;0,135730644;0,162246688;1;1;-0,310931229;C8 domain;NO;NA
PF00685;82;3;0,136393675;0,162098637;1;1;-0,575403034;Sulfotransferase domain;NO;NA
PF08016;113;4;0,13820706;0,163624451;1;1;-0,92707979;Polycystin cation channel;NO;NA
PF19193;28;1;0,145798144;0,171625244;1;1;-0,220869329;Tectonin domain;NO;NA
PF01082;28;1;0,145798144;0,171625244;1;1;-0,220869329;Copper type II ascorbate-dependent monooxygenase, N-terminal domain;NO;NA
PF00069;248;8;0,147599832;0,172758895;1;1;-2,813414053;Protein kinase domain;NO;NA
PF01400;29;1;0,154222399;0,179490476;1;1;-0,264471805;Astacin (Peptidase family M12A);NO;NA
PF03567;29;1;0,154222399;0,179490476;1;1;-0,264471805;Sulfotransferase family;NO;NA
PF00089;87;3;0,158692969;0,183655907;1;1;-0,793415414;Trypsin;NO;NA
PF00023;88;3;0,163305844;0,188289201;1;1;-0,83701789;Ankyrin repeat;NO;NA
PF07648;59;2;0,170181438;0,195487228;1;1;-0,572546085;Kazal-type serine protease inhibitor domain;NO;NA
PF03351;32;1;0,180002871;0,205243126;1;1;-0,395279233;DOMON domain;NO;NA
PF13649;32;1;0,180002871;0,205243126;1;1;-0,395279233;Methyltransferase domain;NO;NA
PF13193;32;1;0,180002871;0,205243126;1;1;-0,395279233;AMP-binding enzyme C-terminal domain;NO;NA
PF04389;33;1;0,188736022;0,213233751;1;1;-0,438881709;Peptidase family M28;NO;NA
PF00209;33;1;0,188736022;0,213233751;1;1;-0,438881709;Sodium:neurotransmitter symporter family;NO;NA
PF00078;64;2;0,200570423;0,225368221;1;1;-0,790558465;Reverse transcriptase (RNA-dependent DNA polymerase);NO;NA
PF13347;35;1;0,206362511;0,230618502;1;1;-0,526086661;MFS/sugar transport protein;NO;NA
PF12874;35;1;0,206362511;0,230618502;1;1;-0,526086661;Zinc-finger of C2H2 type;NO;NA
PF01826;66;2;0,213066065;0,236825231;1;1;-0,877763417;Trypsin Inhibitor like cysteine rich domain;NO;NA
PF01607;36;1;0,215240653;0,238384809;1;1;-0,569689137;Chitin binding Peritrophin-A domain;NO;NA
PF00884;38;1;0,233091231;0,257232823;1;1;-0,656894089;Sulfatase;NO;NA
PF12661;103;3;0,237462907;0,261124692;1;1;-1,49105503;Human growth factor-like EGF;NO;NA
PF00058;39;1;0,242050414;0,265225454;1;1;-0,700496565;Low-density lipoprotein receptor repeat class B;NO;NA
PF14670;106;3;0,253172508;0,276432174;1;1;-1,621862458;Coagulation Factor Xa inhibitory site;NO;NA
PF02214;73;2;0,257928546;0,280633524;1;1;-1,18298075;BTB/POZ domain;NO;NA
PF00004;42;1;0,268990245;0,291642055;1;1;-0,831303993;ATPase family associated with various cellular activities (AAA);NO;NA
PF06990;111;3;0,279794502;0,302295459;1;1;-1,839874838;Galactose-3-O-sulfotransferase;NO;NA
PF00858;45;1;0,295908242;0,318591104;1;1;-0,962111421;Amiloride-sensitive sodium channel;NO;NA
PF01822;47;1;0,313775897;0,33665539;1;1;-1,049316373;WSC domain;NO;NA
PF07690;160;4;0,343095882;0,366839542;1;1;-2,976396164;Major Facilitator Superfamily;NO;NA
PF00651;356;9;0,357145754;0,380544959;1;1;-6,522481464;BTB/POZ domain;NO;NA
PF02140;53;1;0,366643636;0,389322623;1;1;-1,310931229;Galactose binding lectin domain;NO;NA
PF01392;54;1;0,375310886;0,397161177;1;1;-1,354533705;Fz domain;NO;NA
PF13516;96;2;0,40903005;0,431366162;1;1;-2,185837698;Leucine Rich repeat;NO;NA
PF00057;223;5;0,450934313;0,473941165;1;1;-4,723352153;Low-density lipoprotein receptor domain class A;NO;NA
PF20519;103;2;0,453681511;0,475212159;1;1;-2,49105503;Polycystin domain;NO;NA
PF12662;64;1;0,458882926;0,479036568;1;1;-1,790558465;Complement Clr-like EGF-like;NO;NA
PF00051;195;4;0,507691363;0,528204145;1;1;-4,502482824;Kringle domain;NO;NA
PF01094;80;1;0,577895294;0,599226999;1;1;-2,488198082;Receptor family ligand binding region;NO;NA
PF00076;126;2;0,588497954;0,60818016;1;1;-3,493911979;RNA recognition motif. (a.k.a. RRM, RBD, or RNP domain);NO;NA
PF07679;191;3;0,679013103;0,699383497;1;1;-5,32807292;Immunoglobulin I-set domain;NO;NA
PF00431;239;4;0,685830682;0,70405874;1;1;-6,420991769;CUB domain;NO;NA
PF01825;100;1;0,698113047;0,714294475;1;1;-3,360247602;GPCR proteolysis site, GPS, motif;NO;NA
PF07686;102;1;0,708424537;0,722452746;1;1;-3,447452554;Immunoglobulin V-set domain;NO;NA
PF00001;526;10;0,724744491;0,736664631;1;1;-12,93490239;7 transmembrane receptor (rhodopsin family);NO;NA
PF00071;106;1;0,728164007;0,737713699;1;1;-3,621862458;Ras family;NO;NA
PF01477;117;1;0,776670581;0,784284998;1;1;-4,101489695;PLAT/LH2 domain;NO;NA
PF02931;193;2;0,84695568;0,852473307;1;1;-6,415277872;Neurotransmitter-gated ion-channel ligand binding domain;NO;NA
PF00400;207;2;0,878315845;0,88116752;1;1;-7,025712537;WD domain, G-beta repeat;NO;NA
PF01344;202;1;0,957067075;0,957067075;1;0,957067075;-7,807700156;Kelch motif;NO;NA
