Species;Run;BioProject;Center Name;Instrument;isolate;LibraryLayout;Organism;Sample Name;tissue;sex;geo_loc_name_country;dev_stage;No_fragments;mapped reads;Perc_mapped;No_PAV_region;No_PAV_gene;cond1;Coverage_exp;MALACO;INHER
Bb;SRR10177000;PRJNA573992;SOUTHEAST UNIVERSITY;Illumina HiSeq 2500;Zhanjiang;PAIRED;Branchiostoma belcheri;BB_ZJ2;Muscle;na;China;na;321930029;307508220;95,52020386;1369;459;reseq;108,249986;no;no
Bb;SRR10177001;PRJNA573992;SOUTHEAST UNIVERSITY;Illumina HiSeq 2500;Zhanjiang;PAIRED;Branchiostoma belcheri;BB_ZJ1;Muscle;na;China;na;374558531;358060271;95,59527854;1473;453;reseq;126,0454739;no;no
Bb;SRR1174914;PRJNA214454;SUN YAT-SEN UNIVERSITY;Illumina HiSeq 2000;bbe01;PAIRED;Branchiostoma belcheri;bbe01_reseq;Muscle;na;China;na;180912729;169343072;93,60484082;1571;460;reseq;40,13919591;no;no
Bb;SRR1174915;PRJNA214454;SUN YAT-SEN UNIVERSITY;Illumina HiSeq 2000;bbe03;PAIRED;Branchiostoma belcheri;bbe03_reseq;Muscle;na;China;na;178717722;167062813;93,47859358;1332;456;reseq;39,59870871;no;no
Bb;SRR1174916;PRJNA214454;SUN YAT-SEN UNIVERSITY;Illumina HiSeq 2000;bbe06;PAIRED;Branchiostoma belcheri;bbe06_reseq;Muscle;na;China;na;189889426;177147697;93,28992179;1485;428;reseq;41,9891173;yes;no
Bb;SRR1174917;PRJNA214454;SUN YAT-SEN UNIVERSITY;Illumina HiSeq 2500;bbe23a;PAIRED;Branchiostoma belcheri;bbe23a_reseq;Muscle;na;China;na;113716439;109991083;96,7239952;1421;374;reseq;38,97752745;yes;no
Bb;SRR1174918;PRJNA214454;SUN YAT-SEN UNIVERSITY;Illumina HiSeq 2500;bbe23f;PAIRED;Branchiostoma belcheri;bbe23f_reseq;Muscle;na;China;na;113967731;110131433;96,6338735;1291;414;reseq;39,02726326;no;no
Bb;SRR12007920;PRJNA602496;UNIVERSITY OF VIENNA;HiSeq X Ten;wild;PAIRED;Branchiostoma belcheri;BB13;muscle;male;na;Adult;284138893;274131149;96,47786901;1293;435;reseq;96,5004872;no;no
Bb;SRR12010124;PRJNA602496;UNIVERSITY OF VIENNA;Illumina HiSeq 2000;Xiamen;PAIRED;Branchiostoma belcheri;bbfemale33;muscle;female;na;Adult;66793134;64737657;96,92262232;1500;479;reseq;22,78914842;no;no
Bb;SRR12010125;PRJNA602496;UNIVERSITY OF VIENNA;Illumina HiSeq 2000;Xiamen;PAIRED;Branchiostoma belcheri;bbfemale31;muscle;female;na;Adult;69614369;66882167;96,07523269;1316;434;reseq;23,5440654;no;no
Bb;SRR12010126;PRJNA602496;UNIVERSITY OF VIENNA;Illumina HiSeq 2000;Xiamen;PAIRED;Branchiostoma belcheri;bbmaleW10;muscle;male;na;Adult;65450070;63049143;96,33166626;1415;453;reseq;22,19475255;no;no
Bb;SRR12010127;PRJNA602496;UNIVERSITY OF VIENNA;Illumina HiSeq 2000;Xiamen;PAIRED;Branchiostoma belcheri;bbmaleW9;muscle;male;na;Adult;70139016;67548146;96,30609303;1593;481;reseq;23,77850537;no;no
Bb;SRR12010128;PRJNA602496;UNIVERSITY OF VIENNA;Illumina HiSeq 2000;Xiamen;PAIRED;Branchiostoma belcheri;bbmaleW8;muscle;male;na;Adult;68051222;65556693;96,33433622;1574;502;reseq;23,07746798;no;no
Bb;SRR12010129;PRJNA602496;UNIVERSITY OF VIENNA;Illumina HiSeq 2000;Xiamen;PAIRED;Branchiostoma belcheri;bbmaleW7;muscle;male;na;Adult;69127897;66590206;96,32899146;1575;463;reseq;23,4412884;no;no
Bb;SRR12010130;PRJNA602496;UNIVERSITY OF VIENNA;Illumina HiSeq 2000;Xiamen;PAIRED;Branchiostoma belcheri;bbmaleW6;muscle;male;na;Adult;68848194;66305122;96,30626186;1626;524;reseq;23,34093225;no;no
Bb;SRR12010131;PRJNA602496;UNIVERSITY OF VIENNA;Illumina HiSeq 2000;Xiamen;PAIRED;Branchiostoma belcheri;bbmaleW5;muscle;male;na;Adult;71284120;68806340;96,52407857;1350;444;reseq;24,22141868;no;no
Bb;SRR12010132;PRJNA602496;UNIVERSITY OF VIENNA;Illumina HiSeq 2000;Xiamen;PAIRED;Branchiostoma belcheri;bbmaleW4;muscle;male;na;Adult;69776742;67191597;96,29511937;1344;472;reseq;23,6529919;no;no
Bb;SRR12010133;PRJNA602496;UNIVERSITY OF VIENNA;Illumina HiSeq 2000;Xiamen;PAIRED;Branchiostoma belcheri;bbmaleW3;muscle;male;na;Adult;72309926;69676406;96,35801038;1441;488;reseq;24,52770198;no;no
Bb;SRR12010135;PRJNA602496;UNIVERSITY OF VIENNA;Illumina HiSeq 2000;Xiamen;PAIRED;Branchiostoma belcheri;bbmaleW2;muscle;male;na;Adult;65248289;62930681;96,4480172;1384;489;reseq;22,15305119;no;no
Bb;SRR12010136;PRJNA602496;UNIVERSITY OF VIENNA;Illumina HiSeq 2000;Xiamen;PAIRED;Branchiostoma belcheri;bbmaleW1;muscle;male;na;Adult;65692856;63076987;96,01803125;1362;450;reseq;22,20455428;no;no
Bb;SRR12010137;PRJNA602496;UNIVERSITY OF VIENNA;Illumina HiSeq 2000;Xiamen;PAIRED;Branchiostoma belcheri;bbmale30;muscle;male;na;Adult;59719346;57968929;97,06892805;1445;465;reseq;20,40640004;no;no
Bb;SRR12010138;PRJNA602496;UNIVERSITY OF VIENNA;Illumina HiSeq 2000;Xiamen;PAIRED;Branchiostoma belcheri;bbmale29;muscle;male;na;Adult;74771440;71895789;96,15407835;1365;421;reseq;25,30897598;no;no
Bb;SRR12010139;PRJNA602496;UNIVERSITY OF VIENNA;Illumina HiSeq 2000;Xiamen;PAIRED;Branchiostoma belcheri;bbmale28;muscle;male;na;Adult;77255228;74783279;96,80028256;1494;494;reseq;26,32543906;no;no
Bb;SRR12010140;PRJNA602496;UNIVERSITY OF VIENNA;Illumina HiSeq 2000;Xiamen;PAIRED;Branchiostoma belcheri;bbmale27;muscle;male;na;Adult;64379716;61827783;96,03612262;1578;495;reseq;21,76480566;no;no
Bb;SRR12010141;PRJNA602496;UNIVERSITY OF VIENNA;Illumina HiSeq 2000;Xiamen;PAIRED;Branchiostoma belcheri;bbmale26;muscle;male;na;Adult;67688411;65610059;96,92953052;1501;481;reseq;23,09625404;no;no
Bb;SRR12010142;PRJNA602496;UNIVERSITY OF VIENNA;Illumina HiSeq 2000;Xiamen;PAIRED;Branchiostoma belcheri;bbmale25;muscle;male;na;Adult;70503560;67967761;96,40330361;1539;487;reseq;23,92621953;no;no
Bb;SRR12010143;PRJNA602496;UNIVERSITY OF VIENNA;Illumina HiSeq 2000;Xiamen;PAIRED;Branchiostoma belcheri;bbmale24;muscle;male;na;Adult;69626960;67453621;96,87859559;1609;479;reseq;23,74523039;no;no
Bb;SRR12010144;PRJNA602496;UNIVERSITY OF VIENNA;Illumina HiSeq 2000;Xiamen;PAIRED;Branchiostoma belcheri;bbmale23;muscle;male;na;Adult;79958328;77562697;97,00390058;1536;457;reseq;27,3038583;no;no
Bb;SRR12010146;PRJNA602496;UNIVERSITY OF VIENNA;Illumina HiSeq 2000;Xiamen;PAIRED;Branchiostoma belcheri;bbmale22;muscle;male;na;Adult;76796030;74446352;96,94036528;1502;469;reseq;26,20683299;no;no
Bb;SRR12010147;PRJNA602496;UNIVERSITY OF VIENNA;Illumina HiSeq 2000;Xiamen;PAIRED;Branchiostoma belcheri;bbmale21;muscle;male;na;Adult;76449657;74161460;97,00692313;1510;471;reseq;26,10654443;no;no
Bb;SRR12010256;PRJNA602496;UNIVERSITY OF VIENNA;Illumina HiSeq 2000;Xiamen;PAIRED;Branchiostoma belcheri;ZYT381;muscle;female;na;Adult;67803819;65359910;96,39561748;1580;489;reseq;23,00819583;no;no
Bb;SRR12010257;PRJNA602496;UNIVERSITY OF VIENNA;Illumina HiSeq 2000;Xiamen;PAIRED;Branchiostoma belcheri;ZYT380;muscle;female;na;Adult;72252912;69605405;96,33577813;1413;465;reseq;24,50270799;no;no
Bb;SRR12010258;PRJNA602496;UNIVERSITY OF VIENNA;Illumina HiSeq 2000;Xiamen;PAIRED;Branchiostoma belcheri;ZYT379;muscle;female;na;Adult;74814893;71238302;95,21941307;1598;512;reseq;25,07752539;no;no
Bb;SRR12010259;PRJNA602496;UNIVERSITY OF VIENNA;Illumina HiSeq 2000;Xiamen;PAIRED;Branchiostoma belcheri;ZYT378;muscle;female;na;Adult;77017708;74140828;96,26465124;1577;462;reseq;26,09928149;yes;no
Bb;SRR12010261;PRJNA602496;UNIVERSITY OF VIENNA;Illumina HiSeq 2000;Xiamen;PAIRED;Branchiostoma belcheri;ZYT377;muscle;female;na;Adult;69013458;66460318;96,30051866;1460;480;reseq;23,39556482;no;no
Bb;SRR12010262;PRJNA602496;UNIVERSITY OF VIENNA;Illumina HiSeq 2000;Xiamen;PAIRED;Branchiostoma belcheri;ZYT376;muscle;female;na;Adult;69754544;67185789;96,31743704;1546;456;reseq;23,65094735;no;no
Bb;SRR12010263;PRJNA602496;UNIVERSITY OF VIENNA;Illumina HiSeq 2000;Xiamen;PAIRED;Branchiostoma belcheri;ZYT375;muscle;female;na;Adult;57331914;55247664;96,36459024;1559;465;reseq;19,448452;no;no
Bb;SRR12010264;PRJNA602496;UNIVERSITY OF VIENNA;Illumina HiSeq 2000;Xiamen;PAIRED;Branchiostoma belcheri;ZYT374;muscle;female;na;Adult;63514179;60816359;95,75241302;1554;464;reseq;21,40876108;no;no
Bb;SRR12010265;PRJNA602496;UNIVERSITY OF VIENNA;Illumina HiSeq 2000;Xiamen;PAIRED;Branchiostoma belcheri;ZYT373;muscle;female;na;Adult;53018055;50919218;96,04127877;1487;430;reseq;17,92473917;yes;no
Bb;SRR12010266;PRJNA602496;UNIVERSITY OF VIENNA;Illumina HiSeq 2000;Xiamen;PAIRED;Branchiostoma belcheri;ZYT372;muscle;female;na;Adult;64108987;61798807;96,39648026;1526;443;reseq;21,75460544;no;no
Bb;SRR12010267;PRJNA602496;UNIVERSITY OF VIENNA;Illumina HiSeq 2000;Xiamen;PAIRED;Branchiostoma belcheri;ZYT371;muscle;female;na;Adult;56070671;54032675;96,36530834;1499;465;reseq;19,02074785;yes;no
Bb;SRR12010268;PRJNA602496;UNIVERSITY OF VIENNA;Illumina HiSeq 2000;Xiamen;PAIRED;Branchiostoma belcheri;ZYT370;muscle;female;na;Adult;56054599;53929177;96,20830041;1410;474;reseq;18,98431416;no;no
Bb;SRR12010269;PRJNA602496;UNIVERSITY OF VIENNA;Illumina HiSeq 2000;Xiamen;PAIRED;Branchiostoma belcheri;ZYT368;muscle;female;na;Adult;54015880;52031782;96,32682463;1607;444;reseq;18,31638736;no;no
Bb;SRR12010270;PRJNA602496;UNIVERSITY OF VIENNA;Illumina HiSeq 2000;Xiamen;PAIRED;Branchiostoma belcheri;ZYT367;muscle;female;na;Adult;64051128;61709695;96,34443128;1372;461;reseq;21,72323596;no;no
Bb;SRR12010272;PRJNA602496;UNIVERSITY OF VIENNA;Illumina HiSeq 2000;Xiamen;PAIRED;Branchiostoma belcheri;ZYT366;muscle;female;na;Adult;73122306;70328367;96,17908795;1423;487;reseq;24,75720729;no;no
Bb;SRR12010273;PRJNA602496;UNIVERSITY OF VIENNA;Illumina HiSeq 2000;Xiamen;PAIRED;Branchiostoma belcheri;ZYT365;muscle;female;na;Adult;56796899;54725514;96,35299631;1448;467;reseq;19,26464316;no;no
Bb;SRR12010274;PRJNA602496;UNIVERSITY OF VIENNA;Illumina HiSeq 2000;Xiamen;PAIRED;Branchiostoma belcheri;ZYT364;muscle;female;na;Adult;70020681;67436286;96,30909759;1448;444;reseq;23,73912807;no;no
Bb;SRR12010275;PRJNA602496;UNIVERSITY OF VIENNA;Illumina HiSeq 2000;Xiamen;PAIRED;Branchiostoma belcheri;ZYT363;muscle;female;na;Adult;69232042;66632826;96,24564591;1601;472;reseq;23,45629162;no;no
Bb;SRR12010276;PRJNA602496;UNIVERSITY OF VIENNA;Illumina HiSeq 2000;Xiamen;PAIRED;Branchiostoma belcheri;ZYT362;muscle;female;na;Adult;73071562;70435940;96,39309476;1541;514;reseq;24,79507546;no;no
Bb;SRR12010277;PRJNA602496;UNIVERSITY OF VIENNA;Illumina HiSeq 2000;Xiamen;PAIRED;Branchiostoma belcheri;bbfemale40;muscle;female;na;Adult;65012679;25541145;39,28640596;9585;1490;outlier;8,991072139;no;no
Bb;SRR12010278;PRJNA602496;UNIVERSITY OF VIENNA;Illumina HiSeq 2000;Xiamen;PAIRED;Branchiostoma belcheri;bbfemale39;muscle;female;na;Adult;64192518;62300105;97,05197263;1327;422;reseq;21,93107389;no;no
Bb;SRR12010279;PRJNA602496;UNIVERSITY OF VIENNA;Illumina HiSeq 2000;Xiamen;PAIRED;Branchiostoma belcheri;bbfemale38;muscle;female;na;Adult;75577929;72839896;96,37720557;1432;424;reseq;25,64132342;yes;no
Bb;SRR12010280;PRJNA602496;UNIVERSITY OF VIENNA;Illumina HiSeq 2000;Xiamen;PAIRED;Branchiostoma belcheri;bbfemale37;muscle;female;na;Adult;67210217;64656332;96,20015362;1420;442;reseq;22,76052014;no;no
Bb;SRR12010281;PRJNA602496;UNIVERSITY OF VIENNA;Illumina HiSeq 2000;Xiamen;PAIRED;Branchiostoma belcheri;bbfemale35;muscle;female;na;Adult;62619424;60733642;96,98850312;1406;446;reseq;21,37964279;no;no
Bb;SRR14996618;PRJNA742127;STATE KEY LAB FOR BIOELECTROINCS;HiSeq X Ten;s14;PAIRED;Branchiostoma belcheri;s14;Body without visceral;male;China;na;444473377;427264592;96,12827542;1462;433;reseq;150,4069911;yes;no
Bb;SRR14996619;PRJNA742127;STATE KEY LAB FOR BIOELECTROINCS;HiSeq X Ten;s13;PAIRED;Branchiostoma belcheri;s13;Body without visceral;female;China;na;390890352;376382362;96,2884758;1435;462;reseq;132,4952726;no;no
Bb;SRR14996620;PRJNA742127;STATE KEY LAB FOR BIOELECTROINCS;HiSeq X Ten;s12;PAIRED;Branchiostoma belcheri;s12;Body without visceral;female;China;na;395268717;380259331;96,20273871;1358;428;reseq;133,8600551;yes;no
Bb;SRR14996621;PRJNA742127;STATE KEY LAB FOR BIOELECTROINCS;HiSeq X Ten;s11;PAIRED;Branchiostoma belcheri;s11;Body without visceral;female;China;na;426040020;408952377;95,98919299;1479;443;reseq;143,9606691;yes;no
Bb;SRR14996622;PRJNA742127;STATE KEY LAB FOR BIOELECTROINCS;HiSeq X Ten;Lu19;PAIRED;Branchiostoma belcheri;Lu19;Body without visceral;female;China;na;432731133;416064468;96,14849413;1411;479;reseq;146,4642891;no;no
Bb;SRR14996623;PRJNA742127;STATE KEY LAB FOR BIOELECTROINCS;HiSeq X Ten;Lu18;PAIRED;Branchiostoma belcheri;Lu18;Body without visceral;female;China;na;374831854;360175041;96,08976322;1472;485;reseq;126,7899218;no;no
Bb;SRR14996624;PRJNA742127;STATE KEY LAB FOR BIOELECTROINCS;HiSeq X Ten;Lu17;PAIRED;Branchiostoma belcheri;Lu17;Body without visceral;female;China;na;424408467;408375584;96,22229898;1463;454;reseq;143,7576246;no;no
Bb;SRR14996625;PRJNA742127;STATE KEY LAB FOR BIOELECTROINCS;HiSeq X Ten;s88;PAIRED;Branchiostoma belcheri;s88;Body without visceral;male;China;na;355455862;341745354;96,14283812;1526;470;reseq;120,3022469;no;no
Bb;SRR14996626;PRJNA742127;STATE KEY LAB FOR BIOELECTROINCS;HiSeq X Ten;Lu15;PAIRED;Branchiostoma belcheri;Lu15;Body without visceral;female;China;na;398871485;383441214;96,13151815;1458;431;reseq;134,9801513;yes;no
Bb;SRR14996627;PRJNA742127;STATE KEY LAB FOR BIOELECTROINCS;HiSeq X Ten;s87;PAIRED;Branchiostoma belcheri;s87;Body without visceral;male;China;na;408904144;392817389;96,06588604;1588;485;reseq;138,2807811;no;no
Bb;SRR14996628;PRJNA742127;STATE KEY LAB FOR BIOELECTROINCS;HiSeq X Ten;s86;PAIRED;Branchiostoma belcheri;s86;Body without visceral;male;China;na;415661352;399001807;95,99203897;1362;447;reseq;140,4578389;no;no
Bb;SRR14996629;PRJNA742127;STATE KEY LAB FOR BIOELECTROINCS;HiSeq X Ten;s80;PAIRED;Branchiostoma belcheri;s80;Body without visceral;male;China;na;333318961;319913649;95,97823299;1320;431;reseq;112,6169832;yes;no
Bb;SRR14996630;PRJNA742127;STATE KEY LAB FOR BIOELECTROINCS;HiSeq X Ten;s79;PAIRED;Branchiostoma belcheri;s79;Body without visceral;male;China;na;421613864;404436757;95,92586761;1428;425;reseq;142,3710667;no;no
Bb;SRR14996631;PRJNA742127;STATE KEY LAB FOR BIOELECTROINCS;HiSeq X Ten;s47;PAIRED;Branchiostoma belcheri;s47;Body without visceral;male;China;na;424115347;408191842;96,24547777;1480;465;reseq;143,6929432;no;no
Bb;SRR14996632;PRJNA742127;STATE KEY LAB FOR BIOELECTROINCS;HiSeq X Ten;s43;PAIRED;Branchiostoma belcheri;s43;Body without visceral;male;China;na;381419321;366344007;96,04757463;1589;487;reseq;128,9615401;no;no
Bb;SRR14996633;PRJNA742127;STATE KEY LAB FOR BIOELECTROINCS;HiSeq X Ten;s28;PAIRED;Branchiostoma belcheri;s28;Body without visceral;male;China;na;427182044;407322154;95,35095394;1507;437;reseq;143,386793;yes;no
Bb;SRR14996634;PRJNA742127;STATE KEY LAB FOR BIOELECTROINCS;HiSeq X Ten;s19;PAIRED;Branchiostoma belcheri;s19;Body without visceral;female;China;na;432401318;415836603;96,16913402;1453;473;reseq;146,3840754;no;no
Bb;SRR14996635;PRJNA742127;STATE KEY LAB FOR BIOELECTROINCS;HiSeq X Ten;s18;PAIRED;Branchiostoma belcheri;s18;Body without visceral;female;China;na;407320600;391823577;96,1953746;1424;472;reseq;137,9309364;no;no
Bb;SRR14996636;PRJNA742127;STATE KEY LAB FOR BIOELECTROINCS;HiSeq X Ten;s17;PAIRED;Branchiostoma belcheri;s17;Body without visceral;male;China;na;389123021;373536523;95,99445493;1445;486;reseq;131,4934716;no;no
Bb;SRR14996637;PRJNA742127;STATE KEY LAB FOR BIOELECTROINCS;HiSeq X Ten;Lu14;PAIRED;Branchiostoma belcheri;Lu14;Body without visceral;female;China;na;348465220;335220356;96,19908581;1508;473;reseq;118,0052971;no;no
Bb;SRR14996638;PRJNA742127;STATE KEY LAB FOR BIOELECTROINCS;HiSeq X Ten;Lu35;PAIRED;Branchiostoma belcheri;Lu35;Body without visceral;hermaphrodite;China;na;472695189;454657785;96,18413633;1411;441;reseq;160,0500269;no;no
Bb;SRR17952275;PRJNA804338;THE CHINESE UNIVERSITY OF HONG KONG;Illumina HiSeq 2000;beihai;PAIRED;Branchiostoma belcheri;Genomic sequencing of Branchiostoma belcheri;adult organism;;China;na;114254528;106845267;93,51512703;1137;401;reseq;25,32541221;no;no
Bb;SRR17952276;PRJNA804338;THE CHINESE UNIVERSITY OF HONG KONG;Illumina HiSeq 2000;beihai;PAIRED;Branchiostoma belcheri;Genomic sequencing of Branchiostoma belcheri;adult organism;;China;na;328480914;300353619;91,43716003;1226;430;reseq;71,19247698;no;no
Bb;SRR2757687;PRJNA214454;SUN YAT-SEN UNIVERSITY;Illumina HiSeq 2500;individual0;PAIRED;Branchiostoma belcheri;bbgenome0;sperm;male;China;adult;41745938;40652064;97,37968758;197;25;genome;10,87595276;yes;no
Bb;SRR2757688;PRJNA214454;SUN YAT-SEN UNIVERSITY;Illumina HiSeq 2500;individual0;PAIRED;Branchiostoma belcheri;bbgenome0;sperm;male;China;adult;30261042;29455838;97,33913987;195;15;genome;7,880542118;yes;no
Bb;SRR8324682;PRJNA510004;SOUTHEAST UNIVERSITY;Illumina HiSeq 2500;missing;PAIRED;Branchiostoma belcheri;B_belcheri_M10;muscle;male;China;na;37507252;36181707;96,46589678;1520;470;reseq;12,73679538;no;no
Bb;SRR8324683;PRJNA510004;SOUTHEAST UNIVERSITY;Illumina HiSeq 2500;missing;PAIRED;Branchiostoma belcheri;B_belcheri_M9;muscle;male;China;na;39800988;38344795;96,34131444;1375;455;reseq;13,49825225;no;no
Bb;SRR8324684;PRJNA510004;SOUTHEAST UNIVERSITY;Illumina HiSeq 2500;missing;PAIRED;Branchiostoma belcheri;B_belcheri_M2;muscle;male;China;na;40928640;39430489;96,33960229;1378;449;reseq;13,88044158;no;no
Bb;SRR8324685;PRJNA510004;SOUTHEAST UNIVERSITY;Illumina HiSeq 2500;missing;PAIRED;Branchiostoma belcheri;B_belcheri_M1;muscle;male;China;na;43939104;42475121;96,66815464;1472;450;reseq;14,95222227;yes;no
Bb;SRR8324686;PRJNA510004;SOUTHEAST UNIVERSITY;Illumina HiSeq 2500;missing;PAIRED;Branchiostoma belcheri;B_belcheri_M4;muscle;male;China;na;45880842;44216499;96,37246631;1484;466;reseq;15,56522749;no;no
Bb;SRR8324687;PRJNA510004;SOUTHEAST UNIVERSITY;Illumina HiSeq 2500;missing;PAIRED;Branchiostoma belcheri;B_belcheri_M3;muscle;male;China;na;42880845;41224907;96,13828039;1428;474;reseq;14,5121181;no;no
Bb;SRR8324688;PRJNA510004;SOUTHEAST UNIVERSITY;Illumina HiSeq 2500;missing;PAIRED;Branchiostoma belcheri;B_belcheri_M6;muscle;male;China;na;41300721;39878445;96,55629256;1589;464;reseq;14,03813242;yes;no
Bb;SRR8324689;PRJNA510004;SOUTHEAST UNIVERSITY;Illumina HiSeq 2500;missing;PAIRED;Branchiostoma belcheri;B_belcheri_M5;muscle;male;China;na;49008241;47296525;96,50728946;1539;492;reseq;16,64946768;no;no
Bb;SRR8324690;PRJNA510004;SOUTHEAST UNIVERSITY;Illumina HiSeq 2500;missing;PAIRED;Branchiostoma belcheri;B_belcheri_M8;muscle;male;China;na;43528309;41967771;96,41488945;1434;465;reseq;14,77362337;yes;no
Bb;SRR8324691;PRJNA510004;SOUTHEAST UNIVERSITY;Illumina HiSeq 2500;missing;PAIRED;Branchiostoma belcheri;B_belcheri_M7;muscle;male;China;na;37155632;35819032;96,40269879;1558;479;reseq;12,60912542;no;no
Bb;SRR8324692;PRJNA510004;SOUTHEAST UNIVERSITY;Illumina HiSeq 2500;missing;PAIRED;Branchiostoma belcheri;B_belcheri_F4;muscle;female;China;na;50761598;49017170;96,5634888;1565;470;reseq;17,25517441;no;no
Bb;SRR8324693;PRJNA510004;SOUTHEAST UNIVERSITY;Illumina HiSeq 2500;missing;PAIRED;Branchiostoma belcheri;B_belcheri_F3;muscle;female;China;na;44539931;42857688;96,22306779;1540;503;reseq;15,08689468;no;no
Bb;SRR8324694;PRJNA510004;SOUTHEAST UNIVERSITY;Illumina HiSeq 2500;missing;PAIRED;Branchiostoma belcheri;B_belcheri_F2;muscle;female;China;na;39047992;37657088;96,4379628;1440;449;reseq;13,25616353;yes;no
Bb;SRR8324695;PRJNA510004;SOUTHEAST UNIVERSITY;Illumina HiSeq 2500;missing;PAIRED;Branchiostoma belcheri;B_belcheri_F1;muscle;female;China;na;40331430;38911759;96,47998844;1572;510;reseq;13,69783666;no;no
Bb;SRR8324696;PRJNA510004;SOUTHEAST UNIVERSITY;Illumina HiSeq 2500;missing;PAIRED;Branchiostoma belcheri;B_belcheri_F8;muscle;female;China;na;43910676;41572441;94,67501935;1350;433;reseq;14,63445809;no;no
Bb;SRR8324697;PRJNA510004;SOUTHEAST UNIVERSITY;Illumina HiSeq 2500;missing;PAIRED;Branchiostoma belcheri;B_belcheri_F7;muscle;female;China;na;37203122;35894205;96,48170119;1637;502;reseq;12,63558805;no;no
Bb;SRR8324698;PRJNA510004;SOUTHEAST UNIVERSITY;Illumina HiSeq 2500;missing;PAIRED;Branchiostoma belcheri;B_belcheri_F6;muscle;female;China;na;45373168;43843133;96,62788589;1477;472;reseq;15,43379404;no;no
Bb;SRR8324699;PRJNA510004;SOUTHEAST UNIVERSITY;Illumina HiSeq 2500;missing;PAIRED;Branchiostoma belcheri;B_belcheri_F5;muscle;female;China;na;36779430;35418753;96,30044022;1519;470;reseq;12,46821798;yes;no
Bb;SRR8324700;PRJNA510004;SOUTHEAST UNIVERSITY;Illumina HiSeq 2500;missing;PAIRED;Branchiostoma belcheri;B_belcheri_F10;muscle;female;China;na;41999564;40544319;96,53509498;1598;484;reseq;14,27253543;no;no
Bb;SRR8324701;PRJNA510004;SOUTHEAST UNIVERSITY;Illumina HiSeq 2500;missing;PAIRED;Branchiostoma belcheri;B_belcheri_F9;muscle;female;China;na;38494827;37089418;96,34909646;1469;449;reseq;13,05633059;no;no
Bb;SRR9945481;PRJNA557895;KUNMING INSTITUTE OF ZOOLOGY, CHINESE ACADEMY OF SCIENCES;Illumina HiSeq 4000;Bbel_1;PAIRED;Branchiostoma belcheri;Replicate 1 for B.belcheri;whole body;;uncalculated;na;353621585;326603140;92,35950345;1148;350;reseq;76,64789219;yes;no
Bf;SRR10176999;PRJNA573992;SOUTHEAST UNIVERSITY;Illumina HiSeq 2500;;PAIRED;Branchiostoma floridae;NDSW13714;muscle;;na;na;260821030;481973758;94,05559075;4272;572;reseq;140,8056144;no;no
Bf;SRR12007919;PRJNA602496;UNIVERSITY OF VIENNA;HiSeq X Ten;;PAIRED;Branchiostoma floridae;BF12;muscle;male;na;na;128214144;283305062;94,23104908;4183;525;reseq;82,76579927;no;no
Bf;SRR12010215;PRJNA602496;UNIVERSITY OF VIENNA;Illumina HiSeq 2000;;PAIRED;Branchiostoma floridae;zqx44;muscle;female;na;na;30994715;59264036;94,08285347;4205;548;reseq;17,31361689;no;no
Bf;SRR12010217;PRJNA602496;UNIVERSITY OF VIENNA;Illumina HiSeq 2000;;PAIRED;Branchiostoma floridae;zqx43;muscle;female;na;na;32662157;63228118;95,01762514;4184;515;reseq;18,47169862;no;no
Bf;SRR12010218;PRJNA602496;UNIVERSITY OF VIENNA;Illumina HiSeq 2000;;PAIRED;Branchiostoma floridae;zqx42;muscle;female;na;na;35099242;67183782;94,01567914;4141;518;reseq;19,62732108;no;no
Bf;SRR12010219;PRJNA602496;UNIVERSITY OF VIENNA;Illumina HiSeq 2000;;PAIRED;Branchiostoma floridae;zqx41;muscle;female;na;na;30793197;59675304;95,19122084;4291;551;reseq;17,43376626;no;no
Bf;SRR12010220;PRJNA602496;UNIVERSITY OF VIENNA;Illumina HiSeq 2000;;PAIRED;Branchiostoma floridae;zqx40;muscle;female;na;na;28394003;54566272;94,418888;4133;523;reseq;15,94119457;no;no
Bf;SRR12010221;PRJNA602496;UNIVERSITY OF VIENNA;Illumina HiSeq 2000;;PAIRED;Branchiostoma floridae;zqx39;muscle;female;na;na;27576781;53470412;95,08958465;4287;539;reseq;15,62104593;no;no
Bf;SRR12010222;PRJNA602496;UNIVERSITY OF VIENNA;Illumina HiSeq 2000;;PAIRED;Branchiostoma floridae;zqx38;muscle;female;na;na;28055457;54395128;95,12557053;4237;551;reseq;15,89119592;no;no
Bf;SRR12010223;PRJNA602496;UNIVERSITY OF VIENNA;Illumina HiSeq 2000;;PAIRED;Branchiostoma floridae;zqx37;muscle;female;na;na;32904267;63065900;94,12578276;4170;522;reseq;18,42430765;no;no
Bf;SRR12010224;PRJNA602496;UNIVERSITY OF VIENNA;Illumina HiSeq 2000;;PAIRED;Branchiostoma floridae;zqx36;muscle;female;na;na;26724892;51477500;94,60199048;4290;545;reseq;15,03882917;no;no
Bf;SRR12010225;PRJNA602496;UNIVERSITY OF VIENNA;Illumina HiSeq 2000;;PAIRED;Branchiostoma floridae;zqx35;muscle;female;na;na;29807474;57768334;94,97708638;4152;489;reseq;16,87665692;no;no
Bf;SRR12010226;PRJNA602496;UNIVERSITY OF VIENNA;Illumina HiSeq 2000;;PAIRED;Branchiostoma floridae;zqx34;muscle;female;na;na;28426113;54928786;95,00159991;4215;537;reseq;16,04710076;no;no
Bf;SRR12010228;PRJNA602496;UNIVERSITY OF VIENNA;Illumina HiSeq 2000;;PAIRED;Branchiostoma floridae;zqx33;muscle;female;na;na;34270802;65898037;94,60732112;4217;547;reseq;19,25169873;no;no
Bf;SRR12010229;PRJNA602496;UNIVERSITY OF VIENNA;Illumina HiSeq 2000;;PAIRED;Branchiostoma floridae;zqx32;muscle;female;na;na;28226136;54656856;95,02147825;4224;532;reseq;15,96765811;no;no
Bf;SRR12010230;PRJNA602496;UNIVERSITY OF VIENNA;Illumina HiSeq 2000;;PAIRED;Branchiostoma floridae;zqx31;muscle;female;na;na;30062467;58417283;95,14454418;4200;506;reseq;17,06624331;no;no
Bf;SRR12010231;PRJNA602496;UNIVERSITY OF VIENNA;Illumina HiSeq 2000;;PAIRED;Branchiostoma floridae;zqx30;muscle;female;na;na;27068762;52503855;95,12156586;4315;543;reseq;15,33867236;no;no
Bf;SRR12010232;PRJNA602496;UNIVERSITY OF VIENNA;Illumina HiSeq 2000;;PAIRED;Branchiostoma floridae;zqx29;muscle;female;na;na;28070554;53681861;94,09938763;4165;547;reseq;15,68281943;no;no
Bf;SRR12010233;PRJNA602496;UNIVERSITY OF VIENNA;Illumina HiSeq 2000;;PAIRED;Branchiostoma floridae;zqx28;muscle;female;na;na;29029783;56130663;95,04821417;4282;520;reseq;16,3982216;no;no
Bf;SRR12010234;PRJNA602496;UNIVERSITY OF VIENNA;Illumina HiSeq 2000;;PAIRED;Branchiostoma floridae;zqx27;muscle;female;na;na;34566748;66698527;95,05115832;4063;460;reseq;19,48555687;no;no
Bf;SRR12010235;PRJNA602496;UNIVERSITY OF VIENNA;Illumina HiSeq 2000;;PAIRED;Branchiostoma floridae;zqx26;muscle;female;na;na;28450996;54949771;95,00600866;4028;540;reseq;16,0532314;no;no
Bf;SRR12010236;PRJNA602496;UNIVERSITY OF VIENNA;Illumina HiSeq 2000;;PAIRED;Branchiostoma floridae;zqx25;muscle;female;na;na;32435706;62092430;94,07335171;4231;539;reseq;18,13991448;no;no
Bf;SRR12010237;PRJNA602496;UNIVERSITY OF VIENNA;Illumina HiSeq 2000;;PAIRED;Branchiostoma floridae;60;muscle;female;na;na;39247993;74861784;93,97004358;4209;589;reseq;21,87040127;no;no
Bf;SRR12010239;PRJNA602496;UNIVERSITY OF VIENNA;Illumina HiSeq 2000;;PAIRED;Branchiostoma floridae;59;muscle;female;na;na;35648829;68261927;94,24157567;4163;542;reseq;19,94229439;no;no
Bf;SRR12010240;PRJNA602496;UNIVERSITY OF VIENNA;Illumina HiSeq 2000;;PAIRED;Branchiostoma floridae;58;muscle;female;na;na;37402969;71127929;93,82087092;4046;505;reseq;20,77957892;no;no
Bf;SRR12010241;PRJNA602496;UNIVERSITY OF VIENNA;Illumina HiSeq 2000;;PAIRED;Branchiostoma floridae;56;muscle;female;na;na;38005204;73052608;94,75044836;4147;521;reseq;21,34186183;no;no
Bf;SRR12010242;PRJNA602496;UNIVERSITY OF VIENNA;Illumina HiSeq 2000;;PAIRED;Branchiostoma floridae;54;muscle;female;na;na;36750327;70243629;94,39127378;4237;557;reseq;20,52123621;no;no
Bf;SRR12010243;PRJNA602496;UNIVERSITY OF VIENNA;Illumina HiSeq 2000;;PAIRED;Branchiostoma floridae;53;muscle;female;na;na;34742521;63341117;90,0123406;4298;548;reseq;18,50471057;no;no
Bf;SRR12010244;PRJNA602496;UNIVERSITY OF VIENNA;Illumina HiSeq 2000;;PAIRED;Branchiostoma floridae;52;muscle;female;na;na;37112975;70187079;93,12761142;4151;527;reseq;20,50471548;no;no
Bf;SRR12010245;PRJNA602496;UNIVERSITY OF VIENNA;Illumina HiSeq 2000;;PAIRED;Branchiostoma floridae;51;muscle;female;na;na;37099297;70739898;94,35500935;4079;516;reseq;20,66621809;no;no
Bf;SRR12010246;PRJNA602496;UNIVERSITY OF VIENNA;Illumina HiSeq 2000;;PAIRED;Branchiostoma floridae;49;muscle;male;na;na;33716718;48870800;72,58652924;3941;491;reseq;14,2772981;no;no
Bf;SRR12010247;PRJNA602496;UNIVERSITY OF VIENNA;Illumina HiSeq 2000;;PAIRED;Branchiostoma floridae;48;muscle;male;na;na;33034640;62358812;92,96259039;4144;544;reseq;18,21773632;no;no
Bf;SRR12010248;PRJNA602496;UNIVERSITY OF VIENNA;Illumina HiSeq 2000;;PAIRED;Branchiostoma floridae;47;muscle;male;na;na;32344413;62697567;95,22746243;4211;574;reseq;18,31670147;no;no
Bf;SRR12010250;PRJNA602496;UNIVERSITY OF VIENNA;Illumina HiSeq 2000;;PAIRED;Branchiostoma floridae;46;muscle;male;na;na;38968447;75028979;94,75069941;4052;533;reseq;21,91924624;no;no
Bf;SRR12010251;PRJNA602496;UNIVERSITY OF VIENNA;Illumina HiSeq 2000;;PAIRED;Branchiostoma floridae;45;muscle;male;na;na;36208801;69702466;94,63414979;4189;551;reseq;20,36313883;no;no
Bf;SRR12010252;PRJNA602496;UNIVERSITY OF VIENNA;Illumina HiSeq 2000;;PAIRED;Branchiostoma floridae;44;muscle;male;na;na;31606858;61470321;95,38381373;4197;547;reseq;17,95816924;no;no
Bf;SRR12010253;PRJNA602496;UNIVERSITY OF VIENNA;Illumina HiSeq 2000;;PAIRED;Branchiostoma floridae;43;muscle;male;na;na;34503324;66852651;95,24766617;4095;538;reseq;19,53058323;no;no
Bf;SRR12010254;PRJNA602496;UNIVERSITY OF VIENNA;Illumina HiSeq 2000;;PAIRED;Branchiostoma floridae;42;muscle;male;na;na;37194773;71841786;95,02160914;4096;512;reseq;20,98812777;no;no
Bf;SRR12010255;PRJNA602496;UNIVERSITY OF VIENNA;Illumina HiSeq 2000;;PAIRED;Branchiostoma floridae;41;muscle;male;na;na;31467430;60984512;95,21062449;4235;516;reseq;17,81624318;no;no
Bf;SRR6162873;PRJNA412957;OKINAWA INSTITUTE OF SCIENCE AND TECHNOLOGY;Illumina HiSeq 4000;;PAIRED;Branchiostoma floridae;Bflo_hic_2;muscle;na;na;na;98662406;183546172;95,99120747;;;reseq;;no;no
Bf;SRR6162897;PRJNA412957;OKINAWA INSTITUTE OF SCIENCE AND TECHNOLOGY;Illumina HiSeq 2500;;PAIRED;Branchiostoma floridae;Bflo_father_pe;muscle;female;na;adult;74222697;151760716;97,52524434;;;reseq;;no;yes
Bf;SRR6162896;PRJNA412957;OKINAWA INSTITUTE OF SCIENCE AND TECHNOLOGY;Illumina HiSeq 2500;;PAIRED;Branchiostoma floridae;Bflo_mother_pe;muscle;male;na;adult;79654337;136120746;97,3041056;;;reseq;;no;yes
Bf;SRR6162844;PRJNA412957;OKINAWA INSTITUTE OF SCIENCE AND TECHNOLOGY;Illumina HiSeq 4000;;PAIRED;Branchiostoma floridae;Bflo_prog_pe_92;muscle;na;na;offspring;11144466;14857589;94,13123238;;;reseq;;no;yes
Bf;SRR6162845;PRJNA412957;OKINAWA INSTITUTE OF SCIENCE AND TECHNOLOGY;Illumina HiSeq 4000;;PAIRED;Branchiostoma floridae;Bflo_prog_pe_91;muscle;na;na;offspring;11016006;15431997;94,4454648;;;reseq;;no;yes
Bf;SRR6162846;PRJNA412957;OKINAWA INSTITUTE OF SCIENCE AND TECHNOLOGY;Illumina HiSeq 4000;;PAIRED;Branchiostoma floridae;Bflo_prog_pe_90;muscle;na;na;offspring;9183353;12961249;94,6395166;;;reseq;;no;yes
Bf;SRR6162847;PRJNA412957;OKINAWA INSTITUTE OF SCIENCE AND TECHNOLOGY;Illumina HiSeq 4000;;PAIRED;Branchiostoma floridae;Bflo_prog_pe_89;muscle;na;na;offspring;9243726;12853539;94,50913413;;;reseq;;no;yes
Bf;SRR6162848;PRJNA412957;OKINAWA INSTITUTE OF SCIENCE AND TECHNOLOGY;Illumina HiSeq 4000;;PAIRED;Branchiostoma floridae;Bflo_prog_pe_96;muscle;na;na;offspring;9563335;13458274;94,41361032;;;reseq;;no;yes
Bf;SRR6162849;PRJNA412957;OKINAWA INSTITUTE OF SCIENCE AND TECHNOLOGY;Illumina HiSeq 4000;;PAIRED;Branchiostoma floridae;Bflo_prog_pe_95;muscle;na;na;offspring;10698440;14624277;94,19518968;;;reseq;;no;yes
Bf;SRR6162850;PRJNA412957;OKINAWA INSTITUTE OF SCIENCE AND TECHNOLOGY;Illumina HiSeq 4000;;PAIRED;Branchiostoma floridae;Bflo_prog_pe_94;muscle;na;na;offspring;10269340;14295174;94,35031638;;;reseq;;no;yes
Bf;SRR6162851;PRJNA412957;OKINAWA INSTITUTE OF SCIENCE AND TECHNOLOGY;Illumina HiSeq 4000;;PAIRED;Branchiostoma floridae;Bflo_prog_pe_93;muscle;na;na;offspring;10679533;14524177;94,20989194;;;reseq;;no;yes
Bf;SRR6162852;PRJNA412957;OKINAWA INSTITUTE OF SCIENCE AND TECHNOLOGY;Illumina HiSeq 4000;;PAIRED;Branchiostoma floridae;Bflo_prog_pe_12;muscle;na;na;offspring;11525132;13354930;94,90208619;;;reseq;;no;yes
Bf;SRR6162853;PRJNA412957;OKINAWA INSTITUTE OF SCIENCE AND TECHNOLOGY;Illumina HiSeq 4000;;PAIRED;Branchiostoma floridae;Bflo_prog_pe_11;muscle;na;na;offspring;13747371;15057506;92,86933981;;;reseq;;no;yes
Bf;SRR6162854;PRJNA412957;OKINAWA INSTITUTE OF SCIENCE AND TECHNOLOGY;Illumina HiSeq 4000;;PAIRED;Branchiostoma floridae;Bflo_prog_pe_10;muscle;na;na;offspring;8459163;9935889;95,18075925;;;reseq;;no;yes
Bf;SRR6162855;PRJNA412957;OKINAWA INSTITUTE OF SCIENCE AND TECHNOLOGY;Illumina HiSeq 4000;;PAIRED;Branchiostoma floridae;Bflo_prog_pe_9;muscle;na;na;offspring;8452999;11326641;94,55215568;;;reseq;;no;yes
Bf;SRR6162856;PRJNA412957;OKINAWA INSTITUTE OF SCIENCE AND TECHNOLOGY;Illumina HiSeq 4000;;PAIRED;Branchiostoma floridae;Bflo_prog_pe_16;muscle;na;na;offspring;10101433;12972878;95,15082681;;;reseq;;no;yes
Bf;SRR6162857;PRJNA412957;OKINAWA INSTITUTE OF SCIENCE AND TECHNOLOGY;Illumina HiSeq 4000;;PAIRED;Branchiostoma floridae;Bflo_prog_pe_15;muscle;na;na;offspring;7735014;7227132;94,81535941;;;reseq;;no;yes
Bf;SRR6162858;PRJNA412957;OKINAWA INSTITUTE OF SCIENCE AND TECHNOLOGY;Illumina HiSeq 4000;;PAIRED;Branchiostoma floridae;Bflo_prog_pe_14;muscle;na;na;offspring;10712143;14609390;94,67209718;;;reseq;;no;yes
Bf;SRR6162859;PRJNA412957;OKINAWA INSTITUTE OF SCIENCE AND TECHNOLOGY;Illumina HiSeq 4000;;PAIRED;Branchiostoma floridae;Bflo_prog_pe_13;muscle;na;na;offspring;8394335;10873108;95,6446281;;;reseq;;no;yes
Bf;SRR6162860;PRJNA412957;OKINAWA INSTITUTE OF SCIENCE AND TECHNOLOGY;Illumina HiSeq 4000;;PAIRED;Branchiostoma floridae;Bflo_prog_pe_18;muscle;na;na;offspring;1989634;2064265;94,76882634;;;reseq;;no;yes
Bf;SRR6162861;PRJNA412957;OKINAWA INSTITUTE OF SCIENCE AND TECHNOLOGY;Illumina HiSeq 4000;;PAIRED;Branchiostoma floridae;Bflo_prog_pe_17;muscle;na;na;offspring;8381016;11333301;95,02394778;;;reseq;;no;yes
Bf;SRR6162862;PRJNA412957;OKINAWA INSTITUTE OF SCIENCE AND TECHNOLOGY;Illumina HiSeq 4000;;PAIRED;Branchiostoma floridae;Bflo_prog_pe_83;muscle;na;na;offspring;9731786;13615189;94,27878699;;;reseq;;no;yes
Bf;SRR6162863;PRJNA412957;OKINAWA INSTITUTE OF SCIENCE AND TECHNOLOGY;Illumina HiSeq 4000;;PAIRED;Branchiostoma floridae;Bflo_prog_pe_84;muscle;na;na;offspring;9762355;13633695;94,44945006;;;reseq;;no;yes
Bf;SRR6162864;PRJNA412957;OKINAWA INSTITUTE OF SCIENCE AND TECHNOLOGY;Illumina HiSeq 4000;;PAIRED;Branchiostoma floridae;Bflo_prog_pe_85;muscle;na;na;offspring;9454289;13339491;94,23398796;;;reseq;;no;yes
Bf;SRR6162865;PRJNA412957;OKINAWA INSTITUTE OF SCIENCE AND TECHNOLOGY;Illumina HiSeq 4000;;PAIRED;Branchiostoma floridae;Bflo_prog_pe_86;muscle;na;na;offspring;9515694;12971335;94,2700124;;;reseq;;no;yes
Bf;SRR6162866;PRJNA412957;OKINAWA INSTITUTE OF SCIENCE AND TECHNOLOGY;Illumina HiSeq 4000;;PAIRED;Branchiostoma floridae;Bflo_prog_pe_79;muscle;na;na;offspring;17534470;24246899;94,20459628;;;reseq;;no;yes
Bf;SRR6162867;PRJNA412957;OKINAWA INSTITUTE OF SCIENCE AND TECHNOLOGY;Illumina HiSeq 4000;;PAIRED;Branchiostoma floridae;Bflo_prog_pe_80;muscle;na;na;offspring;15567678;20507616;93,98880216;;;reseq;;no;yes
Bf;SRR6162868;PRJNA412957;OKINAWA INSTITUTE OF SCIENCE AND TECHNOLOGY;Illumina HiSeq 4000;;PAIRED;Branchiostoma floridae;Bflo_prog_pe_81;muscle;na;na;offspring;8304613;11340920;94,2256493;;;reseq;;no;yes
Bf;SRR6162869;PRJNA412957;OKINAWA INSTITUTE OF SCIENCE AND TECHNOLOGY;Illumina HiSeq 4000;;PAIRED;Branchiostoma floridae;Bflo_prog_pe_82;muscle;na;na;offspring;8906367;11569460;94,12399662;;;reseq;;no;yes
Bf;SRR6162870;PRJNA412957;OKINAWA INSTITUTE OF SCIENCE AND TECHNOLOGY;Illumina HiSeq 4000;;PAIRED;Branchiostoma floridae;Bflo_prog_pe_87;muscle;na;na;offspring;9298944;12908307;94,42694566;;;reseq;;no;yes
Bf;SRR6162871;PRJNA412957;OKINAWA INSTITUTE OF SCIENCE AND TECHNOLOGY;Illumina HiSeq 4000;;PAIRED;Branchiostoma floridae;Bflo_prog_pe_88;muscle;na;na;offspring;7648351;11188357;94,78066448;;;reseq;;no;yes
Bf;SRR6162872;PRJNA412957;OKINAWA INSTITUTE OF SCIENCE AND TECHNOLOGY;Illumina HiSeq 4000;;PAIRED;Branchiostoma floridae;Bflo_hic_1;muscle;na;na;offspring;115383056;216614641;96,20389586;;;reseq;;no;yes
Bf;SRR6162874;PRJNA412957;OKINAWA INSTITUTE OF SCIENCE AND TECHNOLOGY;Illumina HiSeq 4000;;PAIRED;Branchiostoma floridae;Bflo_prog_pe_38;muscle;na;na;offspring;14474257;20474678;94,24692097;;;reseq;;no;yes
Bf;SRR6162875;PRJNA412957;OKINAWA INSTITUTE OF SCIENCE AND TECHNOLOGY;Illumina HiSeq 4000;;PAIRED;Branchiostoma floridae;Bflo_prog_pe_37;muscle;na;na;offspring;13462910;19858426;94,26625397;;;reseq;;no;yes
Bf;SRR6162876;PRJNA412957;OKINAWA INSTITUTE OF SCIENCE AND TECHNOLOGY;Illumina HiSeq 4000;;PAIRED;Branchiostoma floridae;Bflo_prog_pe_30;muscle;na;na;offspring;13213742;19194094;94,39926503;;;reseq;;no;yes
Bf;SRR6162877;PRJNA412957;OKINAWA INSTITUTE OF SCIENCE AND TECHNOLOGY;Illumina HiSeq 4000;;PAIRED;Branchiostoma floridae;Bflo_prog_pe_29;muscle;na;na;offspring;12574497;18852802;94,49263019;;;reseq;;no;yes
Bf;SRR6162878;PRJNA412957;OKINAWA INSTITUTE OF SCIENCE AND TECHNOLOGY;Illumina HiSeq 4000;;PAIRED;Branchiostoma floridae;Bflo_prog_pe_32;muscle;na;na;offspring;12892172;18432831;94,29351472;;;reseq;;no;yes
Bf;SRR6162879;PRJNA412957;OKINAWA INSTITUTE OF SCIENCE AND TECHNOLOGY;Illumina HiSeq 4000;;PAIRED;Branchiostoma floridae;Bflo_prog_pe_31;muscle;na;na;offspring;13922640;20143123;94,40534021;;;reseq;;no;yes
Bf;SRR6162880;PRJNA412957;OKINAWA INSTITUTE OF SCIENCE AND TECHNOLOGY;Illumina HiSeq 4000;;PAIRED;Branchiostoma floridae;Bflo_prog_pe_34;muscle;na;na;offspring;11956557;16391347;94,19370807;;;reseq;;no;yes
Bf;SRR6162881;PRJNA412957;OKINAWA INSTITUTE OF SCIENCE AND TECHNOLOGY;Illumina HiSeq 4000;;PAIRED;Branchiostoma floridae;Bflo_prog_pe_33;muscle;na;na;offspring;10518625;15538584;94,38676783;;;reseq;;no;yes
Bf;SRR6162882;PRJNA412957;OKINAWA INSTITUTE OF SCIENCE AND TECHNOLOGY;Illumina HiSeq 4000;;PAIRED;Branchiostoma floridae;Bflo_prog_pe_36;muscle;na;na;offspring;14425511;20540377;94,24972516;;;reseq;;no;yes
Bf;SRR6162883;PRJNA412957;OKINAWA INSTITUTE OF SCIENCE AND TECHNOLOGY;Illumina HiSeq 4000;;PAIRED;Branchiostoma floridae;Bflo_prog_pe_35;muscle;na;na;offspring;15699949;22388091;94,32047133;;;reseq;;no;yes
Bf;SRR6162884;PRJNA412957;OKINAWA INSTITUTE OF SCIENCE AND TECHNOLOGY;Illumina HiSeq 4000;;PAIRED;Branchiostoma floridae;Bflo_prog_pe_27;muscle;na;na;offspring;14191458;20522748;94,32726;;;reseq;;no;yes
Bf;SRR6162885;PRJNA412957;OKINAWA INSTITUTE OF SCIENCE AND TECHNOLOGY;Illumina HiSeq 4000;;PAIRED;Branchiostoma floridae;Bflo_prog_pe_28;muscle;na;na;offspring;12804583;18839366;94,39910841;;;reseq;;no;yes
Bf;SRR6162886;PRJNA412957;OKINAWA INSTITUTE OF SCIENCE AND TECHNOLOGY;Illumina HiSeq 4000;;PAIRED;Branchiostoma floridae;Bflo_prog_pe_21;muscle;na;na;offspring;7601072;6413326;94,65965437;;;reseq;;no;yes
Bf;SRR6162887;PRJNA412957;OKINAWA INSTITUTE OF SCIENCE AND TECHNOLOGY;Illumina HiSeq 4000;;PAIRED;Branchiostoma floridae;Bflo_prog_pe_22;muscle;na;na;offspring;12013021;17111023;95,01991051;;;reseq;;no;yes
Bf;SRR6162888;PRJNA412957;OKINAWA INSTITUTE OF SCIENCE AND TECHNOLOGY;Illumina HiSeq 4000;;PAIRED;Branchiostoma floridae;Bflo_prog_pe_19;muscle;na;na;offspring;9796387;10078750;94,67953391;;;reseq;;no;yes
Bf;SRR6162889;PRJNA412957;OKINAWA INSTITUTE OF SCIENCE AND TECHNOLOGY;Illumina HiSeq 4000;;PAIRED;Branchiostoma floridae;Bflo_prog_pe_20;muscle;na;na;offspring;9914921;12955757;95,58953309;;;reseq;;no;yes
Bf;SRR6162890;PRJNA412957;OKINAWA INSTITUTE OF SCIENCE AND TECHNOLOGY;Illumina HiSeq 4000;;PAIRED;Branchiostoma floridae;Bflo_prog_pe_25;muscle;na;na;offspring;6685993;4845071;94,50389401;;;reseq;;no;yes
Bf;SRR6162891;PRJNA412957;OKINAWA INSTITUTE OF SCIENCE AND TECHNOLOGY;Illumina HiSeq 4000;;PAIRED;Branchiostoma floridae;Bflo_prog_pe_26;muscle;na;na;offspring;11150312;16067750;94,34909532;;;reseq;;no;yes
Bf;SRR6162892;PRJNA412957;OKINAWA INSTITUTE OF SCIENCE AND TECHNOLOGY;Illumina HiSeq 4000;;PAIRED;Branchiostoma floridae;Bflo_prog_pe_23;muscle;na;na;offspring;8900436;8785807;93,91338934;;;reseq;;no;yes
Bf;SRR6162893;PRJNA412957;OKINAWA INSTITUTE OF SCIENCE AND TECHNOLOGY;Illumina HiSeq 4000;;PAIRED;Branchiostoma floridae;Bflo_prog_pe_24;muscle;na;na;offspring;11144085;15591416;94,99991805;;;reseq;;no;yes
Bf;SRR6162894;PRJNA412957;OKINAWA INSTITUTE OF SCIENCE AND TECHNOLOGY;Illumina HiSeq 4000;;PAIRED;Branchiostoma floridae;Bflo_prog_pe_8;muscle;na;na;offspring;9250633;13217524;95,35787111;;;reseq;;no;yes
Bf;SRR6162895;PRJNA412957;OKINAWA INSTITUTE OF SCIENCE AND TECHNOLOGY;Illumina HiSeq 4000;;PAIRED;Branchiostoma floridae;Bflo_prog_pe_7;muscle;na;na;offspring;10426900;16278136;95,10336284;;;reseq;;no;yes
Bf;SRR6162898;PRJNA412957;OKINAWA INSTITUTE OF SCIENCE AND TECHNOLOGY;Illumina HiSeq 4000;;PAIRED;Branchiostoma floridae;Bflo_prog_pe_2;muscle;na;na;offspring;10075038;14692605;94,72002109;;;reseq;;no;yes
Bf;SRR6162899;PRJNA412957;OKINAWA INSTITUTE OF SCIENCE AND TECHNOLOGY;Illumina HiSeq 4000;;PAIRED;Branchiostoma floridae;Bflo_prog_pe_1;muscle;na;na;offspring;8916174;13811906;94,91328144;;;reseq;;no;yes
Bf;SRR6162900;PRJNA412957;OKINAWA INSTITUTE OF SCIENCE AND TECHNOLOGY;Illumina HiSeq 4000;;PAIRED;Branchiostoma floridae;Bflo_prog_pe_4;muscle;na;na;offspring;12308435;16151101;94,76151239;;;reseq;;no;yes
Bf;SRR6162901;PRJNA412957;OKINAWA INSTITUTE OF SCIENCE AND TECHNOLOGY;Illumina HiSeq 4000;;PAIRED;Branchiostoma floridae;Bflo_prog_pe_3;muscle;na;na;offspring;11579553;17463577;94,82706998;;;reseq;;no;yes
Bf;SRR6162902;PRJNA412957;OKINAWA INSTITUTE OF SCIENCE AND TECHNOLOGY;Illumina HiSeq 4000;;PAIRED;Branchiostoma floridae;Bflo_prog_pe_6;muscle;na;na;offspring;10141815;16073503;95,47365222;;;reseq;;no;yes
Bf;SRR6162903;PRJNA412957;OKINAWA INSTITUTE OF SCIENCE AND TECHNOLOGY;Illumina HiSeq 4000;;PAIRED;Branchiostoma floridae;Bflo_prog_pe_5;muscle;na;na;offspring;8511598;9607109;94,51304249;;;reseq;;no;yes
Bf;SRR6162904;PRJNA412957;OKINAWA INSTITUTE OF SCIENCE AND TECHNOLOGY;Illumina HiSeq 4000;;PAIRED;Branchiostoma floridae;Bflo_prog_pe_58;muscle;na;na;offspring;11754643;15805995;94,09937328;;;reseq;;no;yes
Bf;SRR6162905;PRJNA412957;OKINAWA INSTITUTE OF SCIENCE AND TECHNOLOGY;Illumina HiSeq 4000;;PAIRED;Branchiostoma floridae;Bflo_prog_pe_57;muscle;na;na;offspring;12912331;17677585;94,10459067;;;reseq;;no;yes
Bf;SRR6162906;PRJNA412957;OKINAWA INSTITUTE OF SCIENCE AND TECHNOLOGY;Illumina HiSeq 4000;;PAIRED;Branchiostoma floridae;Bflo_prog_pe_56;muscle;na;na;offspring;9245631;12310430;94,14341357;;;reseq;;no;yes
Bf;SRR6162907;PRJNA412957;OKINAWA INSTITUTE OF SCIENCE AND TECHNOLOGY;Illumina HiSeq 4000;;PAIRED;Branchiostoma floridae;Bflo_prog_pe_55;muscle;na;na;offspring;10772617;14313267;94,16612495;;;reseq;;no;yes
Bf;SRR6162908;PRJNA412957;OKINAWA INSTITUTE OF SCIENCE AND TECHNOLOGY;Illumina HiSeq 4000;;PAIRED;Branchiostoma floridae;Bflo_prog_pe_54;muscle;na;na;offspring;9589491;13425282;94,47194844;;;reseq;;no;yes
Bf;SRR6162909;PRJNA412957;OKINAWA INSTITUTE OF SCIENCE AND TECHNOLOGY;Illumina HiSeq 4000;;PAIRED;Branchiostoma floridae;Bflo_prog_pe_53;muscle;na;na;offspring;9622689;13329068;94,38239609;;;reseq;;no;yes
Bf;SRR6162910;PRJNA412957;OKINAWA INSTITUTE OF SCIENCE AND TECHNOLOGY;Illumina HiSeq 4000;;PAIRED;Branchiostoma floridae;Bflo_prog_pe_52;muscle;na;na;offspring;11420148;15065111;94,11851398;;;reseq;;no;yes
Bf;SRR6162912;PRJNA412957;OKINAWA INSTITUTE OF SCIENCE AND TECHNOLOGY;Illumina HiSeq 4000;;PAIRED;Branchiostoma floridae;Bflo_prog_pe_50;muscle;na;na;offspring;9465452;12571246;94,12307218;;;reseq;;no;yes
Bf;SRR6162913;PRJNA412957;OKINAWA INSTITUTE OF SCIENCE AND TECHNOLOGY;Illumina HiSeq 4000;;PAIRED;Branchiostoma floridae;Bflo_prog_pe_49;muscle;na;na;offspring;8527304;11613252;94,15731397;;;reseq;;no;yes
Bf;SRR6162914;PRJNA412957;OKINAWA INSTITUTE OF SCIENCE AND TECHNOLOGY;Illumina HiSeq 4000;;PAIRED;Branchiostoma floridae;Bflo_prog_pe_47;muscle;na;na;offspring;12682573;18499914;94,57091418;;;reseq;;no;yes
Bf;SRR6162915;PRJNA412957;OKINAWA INSTITUTE OF SCIENCE AND TECHNOLOGY;Illumina HiSeq 4000;;PAIRED;Branchiostoma floridae;Bflo_prog_pe_48;muscle;na;na;offspring;11366022;16007939;94,35417656;;;reseq;;no;yes
Bf;SRR6162916;PRJNA412957;OKINAWA INSTITUTE OF SCIENCE AND TECHNOLOGY;Illumina HiSeq 4000;;PAIRED;Branchiostoma floridae;Bflo_prog_pe_39;muscle;na;na;offspring;14650091;20777202;94,29771465;;;reseq;;no;yes
Bf;SRR6162917;PRJNA412957;OKINAWA INSTITUTE OF SCIENCE AND TECHNOLOGY;Illumina HiSeq 4000;;PAIRED;Branchiostoma floridae;Bflo_prog_pe_40;muscle;na;na;offspring;12686841;18267801;94,27173261;;;reseq;;no;yes
Bf;SRR6162918;PRJNA412957;OKINAWA INSTITUTE OF SCIENCE AND TECHNOLOGY;Illumina HiSeq 4000;;PAIRED;Branchiostoma floridae;Bflo_prog_pe_41;muscle;na;na;offspring;10689342;14859698;94,2403575;;;reseq;;no;yes
Bf;SRR6162919;PRJNA412957;OKINAWA INSTITUTE OF SCIENCE AND TECHNOLOGY;Illumina HiSeq 4000;;PAIRED;Branchiostoma floridae;Bflo_prog_pe_42;muscle;na;na;offspring;11133643;14703195;94,09381175;;;reseq;;no;yes
Bf;SRR6162920;PRJNA412957;OKINAWA INSTITUTE OF SCIENCE AND TECHNOLOGY;Illumina HiSeq 4000;;PAIRED;Branchiostoma floridae;Bflo_prog_pe_43;muscle;na;na;offspring;14109474;19000622;94,11374919;;;reseq;;no;yes
Bf;SRR6162921;PRJNA412957;OKINAWA INSTITUTE OF SCIENCE AND TECHNOLOGY;Illumina HiSeq 4000;;PAIRED;Branchiostoma floridae;Bflo_prog_pe_44;muscle;na;na;offspring;11159049;17202594;94,67434213;;;reseq;;no;yes
Bf;SRR6162922;PRJNA412957;OKINAWA INSTITUTE OF SCIENCE AND TECHNOLOGY;Illumina HiSeq 4000;;PAIRED;Branchiostoma floridae;Bflo_prog_pe_45;muscle;na;na;offspring;11211489;16702617;94,4914461;;;reseq;;no;yes
Bf;SRR6162923;PRJNA412957;OKINAWA INSTITUTE OF SCIENCE AND TECHNOLOGY;Illumina HiSeq 4000;;PAIRED;Branchiostoma floridae;Bflo_prog_pe_46;muscle;na;na;offspring;12023852;17919962;94,45720568;;;reseq;;no;yes
Bf;SRR6162924;PRJNA412957;OKINAWA INSTITUTE OF SCIENCE AND TECHNOLOGY;Illumina HiSeq 4000;;PAIRED;Branchiostoma floridae;Bflo_prog_pe_74;muscle;na;na;offspring;14562419;20696191;94,55617579;;;reseq;;no;yes
Bf;SRR6162925;PRJNA412957;OKINAWA INSTITUTE OF SCIENCE AND TECHNOLOGY;Illumina HiSeq 4000;;PAIRED;Branchiostoma floridae;Bflo_prog_pe_73;muscle;na;na;offspring;13841901;19644845;94,19468471;;;reseq;;no;yes
Bf;SRR6162926;PRJNA412957;OKINAWA INSTITUTE OF SCIENCE AND TECHNOLOGY;Illumina HiSeq 4000;;PAIRED;Branchiostoma floridae;Bflo_prog_pe_76;muscle;na;na;offspring;17820192;23878751;94,04550906;;;reseq;;no;yes
Bf;SRR6162927;PRJNA412957;OKINAWA INSTITUTE OF SCIENCE AND TECHNOLOGY;Illumina HiSeq 4000;;PAIRED;Branchiostoma floridae;Bflo_prog_pe_75;muscle;na;na;offspring;17091921;24759966;94,7528436;;;reseq;;no;yes
Bf;SRR6162928;PRJNA412957;OKINAWA INSTITUTE OF SCIENCE AND TECHNOLOGY;Illumina HiSeq 4000;;PAIRED;Branchiostoma floridae;Bflo_prog_pe_70;muscle;na;na;offspring;6195232;8400412;94,13042655;;;reseq;;no;yes
Bf;SRR6162929;PRJNA412957;OKINAWA INSTITUTE OF SCIENCE AND TECHNOLOGY;Illumina HiSeq 4000;;PAIRED;Branchiostoma floridae;Bflo_prog_pe_69;muscle;na;na;offspring;8150259;10953369;94,04208956;;;reseq;;no;yes
Bf;SRR6162930;PRJNA412957;OKINAWA INSTITUTE OF SCIENCE AND TECHNOLOGY;Illumina HiSeq 4000;;PAIRED;Branchiostoma floridae;Bflo_prog_pe_72;muscle;na;na;offspring;4467820;5889761;94,04752419;;;reseq;;no;yes
Bf;SRR6162931;PRJNA412957;OKINAWA INSTITUTE OF SCIENCE AND TECHNOLOGY;Illumina HiSeq 4000;;PAIRED;Branchiostoma floridae;Bflo_prog_pe_71;muscle;na;na;offspring;7435956;10219264;94,11573145;;;reseq;;no;yes
Bf;SRR6162932;PRJNA412957;OKINAWA INSTITUTE OF SCIENCE AND TECHNOLOGY;Illumina HiSeq 4000;;PAIRED;Branchiostoma floridae;Bflo_prog_pe_78;muscle;na;na;offspring;18114323;24747589;94,20798559;;;reseq;;no;yes
Bf;SRR6162933;PRJNA412957;OKINAWA INSTITUTE OF SCIENCE AND TECHNOLOGY;Illumina HiSeq 4000;;PAIRED;Branchiostoma floridae;Bflo_prog_pe_77;muscle;na;na;offspring;16945366;24056454;94,52564003;;;reseq;;no;yes
Bf;SRR6162934;PRJNA412957;OKINAWA INSTITUTE OF SCIENCE AND TECHNOLOGY;Illumina HiSeq 4000;;PAIRED;Branchiostoma floridae;Bflo_prog_pe_65;muscle;na;na;offspring;10281330;13561291;94,15505514;;;reseq;;no;yes
Bf;SRR6162935;PRJNA412957;OKINAWA INSTITUTE OF SCIENCE AND TECHNOLOGY;Illumina HiSeq 4000;;PAIRED;Branchiostoma floridae;Bflo_prog_pe_66;muscle;na;na;offspring;12541630;16385790;94,04565595;;;reseq;;no;yes
Bf;SRR6162936;PRJNA412957;OKINAWA INSTITUTE OF SCIENCE AND TECHNOLOGY;Illumina HiSeq 4000;;PAIRED;Branchiostoma floridae;Bflo_prog_pe_63;muscle;na;na;offspring;21783047;31695787;94,25093672;;;reseq;;no;yes
Bf;SRR6162937;PRJNA412957;OKINAWA INSTITUTE OF SCIENCE AND TECHNOLOGY;Illumina HiSeq 4000;;PAIRED;Branchiostoma floridae;Bflo_prog_pe_64;muscle;na;na;offspring;33246599;48357773;94,36982729;;;reseq;;no;yes
Bf;SRR6162938;PRJNA412957;OKINAWA INSTITUTE OF SCIENCE AND TECHNOLOGY;Illumina HiSeq 4000;;PAIRED;Branchiostoma floridae;Bflo_prog_pe_61;muscle;na;na;offspring;21920075;31479414;94,31997136;;;reseq;;no;yes
Bf;SRR6162939;PRJNA412957;OKINAWA INSTITUTE OF SCIENCE AND TECHNOLOGY;Illumina HiSeq 4000;;PAIRED;Branchiostoma floridae;Bflo_prog_pe_62;muscle;na;na;offspring;25359171;37869333;94,56811365;;;reseq;;no;yes
Bf;SRR6162940;PRJNA412957;OKINAWA INSTITUTE OF SCIENCE AND TECHNOLOGY;Illumina HiSeq 4000;;PAIRED;Branchiostoma floridae;Bflo_prog_pe_59;muscle;na;na;offspring;28655089;39391068;94,12494206;;;reseq;;no;yes
Bf;SRR6162941;PRJNA412957;OKINAWA INSTITUTE OF SCIENCE AND TECHNOLOGY;Illumina HiSeq 4000;;PAIRED;Branchiostoma floridae;Bflo_prog_pe_60;muscle;na;na;offspring;19326776;27498233;94,16885424;;;reseq;;no;yes
Bf;SRR6162942;PRJNA412957;OKINAWA INSTITUTE OF SCIENCE AND TECHNOLOGY;Illumina HiSeq 4000;;PAIRED;Branchiostoma floridae;Bflo_prog_pe_67;muscle;na;na;offspring;7551978;9518930;94,02989262;;;reseq;;no;yes
Bf;SRR6162943;PRJNA412957;OKINAWA INSTITUTE OF SCIENCE AND TECHNOLOGY;Illumina HiSeq 4000;;PAIRED;Branchiostoma floridae;Bflo_prog_pe_68;muscle;na;na;offspring;8806799;11836925;94,06945433;;;reseq;;no;yes
Bf;SRR6216882;PRJNA412957;OKINAWA INSTITUTE OF SCIENCE AND TECHNOLOGY;Illumina HiSeq 4000;;PAIRED;Branchiostoma floridae;Bflo_chicago_2;muscle;na;na;offspring;148525531;260325657;88,47845462;;;reseq;;no;yes
Bf;SRR6216883;PRJNA412957;OKINAWA INSTITUTE OF SCIENCE AND TECHNOLOGY;Illumina HiSeq 4000;;PAIRED;Branchiostoma floridae;Bflo_chicago_1;muscle;na;na;offspring;120589019;213385361;88,58609284;;;reseq;;no;yes
