ID;total_counts;observed_counts;pvalue;FDR;Bonferroni;Holm.Bonferroni;X;value;OE_ratio;GOID;GO_description;class;diffexpressed;delabel
GO:0033151;1;1;0;0;0;0;1;0,969885717;33,20683453;GO:0033151;V(D)J recombination;biological_process;NO;NA
GO:0031507;1;1;0;0;0;0;1;0,969885717;33,20683453;GO:0031507;heterochromatin formation;biological_process;NO;NA
GO:0050830;1;1;0;0;0;0;1;0,969885717;33,20683453;GO:0050830;defense response to Gram-positive bacterium;biological_process;NO;NA
GO:0042720;1;1;0;0;0;0;1;0,969885717;33,20683453;GO:0042720;mitochondrial inner membrane peptidase complex;cellular_component;NO;NA
GO:0050829;1;1;0;0;0;0;1;0,969885717;33,20683453;GO:0050829;defense response to Gram-negative bacterium;biological_process;NO;NA
GO:0005515;4220;215;7,91E-36;2,77E-34;1,66E-33;1,62E-33;19,62790698;87,91772735;1,691817399;GO:0005515;protein binding;molecular_function;UP;protein binding
GO:0007165;495;61;7,40E-30;2,22E-28;1,55E-27;1,51E-27;8,114754098;46,0934301;4,092155367;GO:0007165;signal transduction;biological_process;UP;signal transd
GO:0042981;192;28;6,70E-17;1,76E-15;1,41E-14;1,36E-14;6,857142857;22,21805774;4,842663369;GO:0042981;regulation of apoptotic process;biological_process;UP;apopt.
GO:0008773;80;17;3,92E-14;9,16E-13;8,24E-12;7,93E-12;4,705882353;14,59085739;7,056452338;GO:0008773;[protein-PII] uridylyltransferase activity;molecular_function;UP;uridylyltrans
GO:0005509;986;58;4,90E-13;1,03E-11;1,03E-10;9,84E-11;17;28,30731734;1,953343208;GO:0005509;calcium ion binding;molecular_function;UP;Ca bind.
GO:0015074;34;11;1,90E-12;3,63E-11;4,00E-10;3,81E-10;3,090909091;9,976114391;10,74338764;GO:0015074;DNA integration;biological_process;UP;DNA int.
GO:0002224;54;12;5,44E-11;9,52E-10;1,14E-08;1,08E-08;4,5;10,37382874;7,379296563;GO:0002224;toll-like receptor signaling pathway;biological_process;UP;TLR
GO:0006955;80;14;8,42E-11;1,36E-09;1,77E-08;1,67E-08;5,714285714;11,59085739;5,811196043;GO:0006955;immune response;biological_process;UP;immune resp.
GO:0006310;41;10;4,66E-10;6,98E-09;9,78E-08;9,17E-08;4,1;8,765314413;8,099227935;GO:0006310;DNA recombination;biological_process;UP;DNA recomb
GO:0005525;248;23;4,72E-10;6,61E-09;9,92E-08;9,26E-08;10,7826087;15,53165791;3,079666106;GO:0005525;GTP binding;molecular_function;UP;GTP binding
GO:0003676;465;30;1,45E-08;1,90E-07;3,03E-06;2,82E-06;15,5;15,99685858;2,142376421;GO:0003676;nucleic acid binding;molecular_function;UP;nucleic acid binding
GO:0032732;7;4;7,31E-08;9,03E-07;1,53E-05;1,42E-05;1,75;3,789200022;18,97533402;GO:0032732;positive regulation of interleukin-1 production;biological_process;UP;reg. of IL-1
GO:0002020;30;7;1,20E-07;1,36E-06;2,52E-05;2,31E-05;4,285714286;6,096571521;7,748261391;GO:0002020;protease binding;molecular_function;UP;protease binding
GO:0070513;30;7;1,20E-07;1,36E-06;2,52E-05;2,31E-05;4,285714286;6,096571521;7,748261391;GO:0070513;death domain binding;molecular_function;UP;death domain bind
GO:0004672;492;29;1,72E-07;1,81E-06;3,61E-05;3,28E-05;16,96551724;14,18377295;1,957313418;GO:0004672;protein kinase activity;molecular_function;UP;protein kin.
GO:0004197;119;13;1,74E-07;1,74E-06;3,65E-05;3,31E-05;9,153846154;9,416400368;3,627637386;GO:0004197;cysteine-type endopeptidase activity;molecular_function;UP; endopep
GO:0006468;503;29;2,75E-07;2,62E-06;5,77E-05;5,20E-05;17,34482759;13,85251584;1,914509347;GO:0006468;protein phosphorylation;biological_process;UP;protein phosph
GO:0004386;48;8;5,10E-07;4,66E-06;0,000107179;9,60E-05;6;6,554514434;5,534472422;GO:0004386;helicase activity;molecular_function;UP;helicase activity
GO:0005524;1022;45;8,81E-07;7,71E-06;0,000184974;0,000164715;22,71111111;14,22320316;1,462140464;GO:0005524;ATP binding;molecular_function;UP;ATP binding
GO:0020037;837;39;1,05E-06;8,83E-06;0,000220805;0,00019557;21,46153846;13,79434545;1,54727186;GO:0020037;heme binding;molecular_function;UP;heme binding
GO:0007160;56;8;1,99E-06;1,61E-05;0,000418045;0,000368277;7;6,313600173;4,743833505;GO:0007160;cell-matrix adhesion;biological_process;UP;cell-matrix adhesion
GO:0005871;12;4;2,53E-06;1,97E-05;0,000531286;0,000465508;3;3,638628609;11,06894484;GO:0005871;kinesin complex;cellular_component;UP;kinesin complex
GO:0005200;13;4;4,04E-06;2,98E-05;0,000848691;0,000737553;3,25;3,608514326;10,21748755;GO:0005200;structural constituent of cytoskeleton;molecular_function;UP;cytoskeleton
GO:0015267;13;4;4,04E-06;2,98E-05;0,000848691;0,000737553;3,25;3,608514326;10,21748755;GO:0015267;channel activity;molecular_function;UP;channel activity
GO:0060261;7;3;5,87E-06;4,11E-05;0,001232266;0,001062096;2,333333333;2,789200022;14,23150051;GO:0060261;positive regulation of transcription initiation by RNA polymerase II;biological_process;UP;transcription init
GO:0004540;14;4;6,18E-06;4,19E-05;0,001297797;0,001112397;3,5;3,578400043;9,487667009;GO:0004540;RNA nuclease activity;molecular_function;UP;RNA nuclease 
GO:0140662;27;5;1,51E-05;9,88E-05;0,00316163;0,002694913;5,4;4,186914369;6,149413802;GO:0140662;ATP-dependent protein folding chaperone;molecular_function;UP;protein fold.
GO:0008146;97;9;3,19E-05;0,000202745;0,00669058;0,005671063;10,77777778;6,078914586;3,081046503;GO:0008146;sulfotransferase activity;molecular_function;UP;sulfotransferase act
GO:0008234;62;7;3,88E-05;0,000239859;0,008155205;0,006873673;8,857142857;5,132914478;3,749158738;GO:0008234;cysteine-type peptidase activity;molecular_function;UP;peptidase
GO:0006508;463;23;4,09E-05;0,000245314;0,008585978;0,007195867;20,13043478;9,057087147;1,649583573;GO:0006508;proteolysis;biological_process;UP;proteolysis
GO:0016757;144;11;4,56E-05;0,000266245;0,009584806;0,007987338;13,09090909;6,663543303;2,536633193;GO:0016757;glycosyltransferase activity;molecular_function;UP;glycosyltransferase 
GO:0016051;35;5;7,18E-05;0,000407376;0,015072895;0,01248897;7;3,946000108;4,743833505;GO:0016051;carbohydrate biosynthetic process;biological_process;UP;carbohydrate biosynt
GO:0047961;5;2;8,35E-05;0,000461251;0,017527531;0,014439347;2,5;1,849428587;13,28273381;GO:0047961;glycine N-acyltransferase activity;molecular_function;NO;NA
GO:0005874;23;4;8,91E-05;0,000479693;0,01870803;0,015322767;5,75;3,3073715;5,775101658;GO:0005874;microtubule;cellular_component;UP;microtubule
GO:0007017;38;5;0,000115849;0,000608209;0,024328369;0,019810243;7,6;3,85565726;4,369320333;GO:0007017;microtubule-based process;biological_process;UP;microtubule-proc
GO:0008270;663;28;0,000142122;0,000727942;0,029845636;0,024160753;23,67857143;8,034230623;1,402400252;GO:0008270;zinc ion binding;molecular_function;UP;zinc ion binding
GO:0004888;322;17;0,000142683;0,000713416;0,029963462;0,024113453;18,94117647;7,303200997;1,75315586;GO:0004888;transmembrane signaling receptor activity;molecular_function;UP;transm signal
GO:0016540;6;2;0,000164372;0,000802748;0,034518177;0,027614542;3;1,819314304;11,06894484;GO:0016540;protein autoprocessing;biological_process;NO;NA
GO:0004842;81;7;0,000262394;0,001252336;0,055102764;0,043819817;11,57142857;4,560743108;2,869726441;GO:0004842;ubiquitin-protein transferase activity;molecular_function;UP;ubiquitin tranf.
GO:0004713;127;9;0,000305442;0,001425398;0,064142891;0,050703428;14,11111111;5,175486107;2,353240242;GO:0004713;protein tyrosine kinase activity;molecular_function;UP;tyrosine kin
GO:0006812;30;4;0,000334979;0,00152925;0,070345511;0,055271473;7,5;3,096571521;4,427577938;GO:0006812;monoatomic cation transport;biological_process;UP;monoatomic cation tr
GO:0042246;17;3;0,000338642;0,001513082;0,071114835;0,0555373;5,666666667;2,488057195;5,860029623;GO:0042246;tissue regeneration;biological_process;UP;NA
GO:0035694;2;1;0,000420364;0,00173091;0,088276431;0,067258233;2;0,939771435;16,60341727;GO:0035694;mitochondrial protein catabolic process;biological_process;NO;NA
GO:0006435;2;1;0,000420364;0,00173091;0,088276431;0,067258233;2;0,939771435;16,60341727;GO:0006435;threonyl-tRNA aminoacylation;biological_process;NO;NA
GO:0007250;2;1;0,000420364;0,00173091;0,088276431;0,067258233;2;0,939771435;16,60341727;GO:0007250;activation of NF-kappaB-inducing kinase activity;biological_process;NO;NA
GO:0032366;2;1;0,000420364;0,00173091;0,088276431;0,067258233;2;0,939771435;16,60341727;GO:0032366;intracellular sterol transport;biological_process;NO;NA
GO:0009374;2;1;0,000420364;0,00173091;0,088276431;0,067258233;2;0,939771435;16,60341727;GO:0009374;biotin binding;molecular_function;NO;NA
GO:0000811;2;1;0,000420364;0,00173091;0,088276431;0,067258233;2;0,939771435;16,60341727;GO:0000811;GINS complex;cellular_component;NO;NA
GO:0046330;2;1;0,000420364;0,00173091;0,088276431;0,067258233;2;0,939771435;16,60341727;GO:0046330;positive regulation of JNK cascade;biological_process;NO;NA
GO:0003677;446;20;0,000435917;0,001664411;0,091542623;0,068003092;22,3;6,569029952;1,489095719;GO:0003677;DNA binding;molecular_function;UP;DNA binding
GO:0038007;8;2;0,000446274;0,001644168;0,093717597;0,068726238;4;1,759085739;8,301708633;GO:0038007;netrin-activated signaling pathway;biological_process;NO;NA
GO:0005042;8;2;0,000446274;0,001644168;0,093717597;0,068726238;4;1,759085739;8,301708633;GO:0005042;netrin receptor activity;molecular_function;NO;NA
GO:0000175;8;2;0,000446274;0,001644168;0,093717597;0,068726238;4;1,759085739;8,301708633;GO:0000175;3'-5'-RNA exonuclease activity;molecular_function;NO;NA
GO:0005044;112;8;0,000520251;0,00185174;0,109252671;0,079078124;14;4,627200347;2,371916752;GO:0005044;scavenger receptor activity;molecular_function;UP;scav.
GO:0003950;33;4;0,000530236;0,001855827;0,111349648;0,080065699;8,25;3,006228674;4,025070852;GO:0003950;NAD+-protein poly-ADP-ribosyltransferase activity;molecular_function;UP;NAD+
GO:0071797;3;1;0,001243875;0,004049825;0,261213719;0,182227666;3;0,909657152;11,06894484;GO:0071797;LUBAC complex;cellular_component;NO;NA
GO:0016597;3;1;0,001243875;0,004049825;0,261213719;0,182227666;3;0,909657152;11,06894484;GO:0016597;amino acid binding;molecular_function;NO;NA
GO:0016743;3;1;0,001243875;0,004049825;0,261213719;0,182227666;3;0,909657152;11,06894484;GO:0016743;carboxyl- or carbamoyltransferase activity;molecular_function;NO;NA
GO:0004854;3;1;0,001243875;0,004049825;0,261213719;0,182227666;3;0,909657152;11,06894484;GO:0004854;xanthine dehydrogenase activity;molecular_function;NO;NA
GO:0045182;3;1;0,001243875;0,004049825;0,261213719;0,182227666;3;0,909657152;11,06894484;GO:0045182;translation regulator activity;molecular_function;NO;NA
GO:0008934;3;1;0,001243875;0,004049825;0,261213719;0,182227666;3;0,909657152;11,06894484;GO:0008934;inositol monophosphate 1-phosphatase activity;molecular_function;NO;NA
GO:0043065;3;1;0,001243875;0,004049825;0,261213719;0,182227666;3;0,909657152;11,06894484;GO:0043065;positive regulation of apoptotic process;biological_process;NO;NA
GO:0001227;3;1;0,001243875;0,004049825;0,261213719;0,182227666;3;0,909657152;11,06894484;GO:0001227;DNA-binding transcription repressor activity, RNA polymerase II-specific;molecular_function;NO;NA
GO:0031012;12;2;0,001648738;0,005017899;0,346235046;0,234120841;6;1,638628609;5,534472422;GO:0031012;extracellular matrix;cellular_component;NO;NA
GO:0007155;134;8;0,001856477;0,005569431;0,389860171;0,261763257;16,75;3,964686129;1,982497584;GO:0007155;cell adhesion;biological_process;UP;cell adhesion
GO:0003713;27;3;0,00212178;0,006275688;0,445573875;0,29704925;9;2,186914369;3,689648281;GO:0003713;transcription coactivator activity;molecular_function;UP;NA
GO:0051276;4;1;0,002453844;0,006870764;0,515307265;0,3337228;4;0,87954287;8,301708633;GO:0051276;chromosome organization;biological_process;NO;NA
GO:0050790;4;1;0,002453844;0,006870764;0,515307265;0,3337228;4;0,87954287;8,301708633;GO:0050790;regulation of catalytic activity;biological_process;NO;NA
GO:0006685;4;1;0,002453844;0,006870764;0,515307265;0,3337228;4;0,87954287;8,301708633;GO:0006685;sphingomyelin catabolic process;biological_process;NO;NA
GO:0035194;4;1;0,002453844;0,006870764;0,515307265;0,3337228;4;0,87954287;8,301708633;GO:0035194;regulatory ncRNA-mediated post-transcriptional gene silencing;biological_process;NO;NA
GO:0032574;4;1;0,002453844;0,006870764;0,515307265;0,3337228;4;0,87954287;8,301708633;GO:0032574;5'-3' RNA helicase activity;molecular_function;NO;NA
GO:0003730;4;1;0,002453844;0,006870764;0,515307265;0,3337228;4;0,87954287;8,301708633;GO:0003730;mRNA 3'-UTR binding;molecular_function;NO;NA
GO:0016888;4;1;0,002453844;0,006870764;0,515307265;0,3337228;4;0,87954287;8,301708633;GO:0016888;endodeoxyribonuclease activity, producing 5'-phosphomonoesters;molecular_function;NO;NA
GO:0016567;68;5;0,002730799;0,007259086;0,573467817;0,360465485;13,6;2,952228782;2,44167901;GO:0016567;protein ubiquitination;biological_process;UP;NA
GO:0003796;15;2;0,00325688;0,00854931;0,683944812;0,426651287;7,5;1,548285761;4,427577938;GO:0003796;lysozyme activity;molecular_function;NO;NA
GO:0097200;5;1;0,004034097;0,010268611;0,847160422;0,518381496;NA;0,849428587;6,641366906;GO:0097200;cysteine-type endopeptidase activity involved in execution phase of apoptosis;molecular_function;NO;NA
GO:0019005;5;1;0,004034097;0,010268611;0,847160422;0,518381496;NA;0,849428587;6,641366906;GO:0019005;SCF ubiquitin ligase complex;cellular_component;NO;NA
GO:0006417;5;1;0,004034097;0,010268611;0,847160422;0,518381496;NA;0,849428587;6,641366906;GO:0006417;regulation of translation;biological_process;NO;NA
GO:0009263;5;1;0,004034097;0,010268611;0,847160422;0,518381496;NA;0,849428587;6,641366906;GO:0009263;deoxyribonucleotide biosynthetic process;biological_process;NO;NA
GO:0016021;1696;50;0,004811513;0,011887268;1;0,606250653;NA;-1,073823322;0,978975075;GO:0016021;GO_0016021;NA;NO;NA
GO:0004111;6;1;0,00596896;0,014244108;1;0,734182047;NA;0,819314304;5,534472422;GO:0004111;creatine kinase activity;molecular_function;NO;NA
GO:0006308;6;1;0,00596896;0,014244108;1;0,734182047;NA;0,819314304;5,534472422;GO:0006308;DNA catabolic process;biological_process;NO;NA
GO:0046314;6;1;0,00596896;0,014244108;1;0,734182047;NA;0,819314304;5,534472422;GO:0046314;phosphocreatine biosynthetic process;biological_process;NO;NA
GO:0004767;6;1;0,00596896;0,014244108;1;0,734182047;NA;0,819314304;5,534472422;GO:0004767;sphingomyelin phosphodiesterase activity;molecular_function;NO;NA
GO:0003968;6;1;0,00596896;0,014244108;1;0,734182047;NA;0,819314304;5,534472422;GO:0003968;RNA-dependent RNA polymerase activity;molecular_function;NO;NA
GO:0006629;81;5;0,006477524;0,014948132;1;0,777302887;NA;2,560743108;2,049804601;GO:0006629;lipid metabolic process;biological_process;NO;NA
GO:0008417;19;2;0,006525749;0,014895731;1;0,776564117;NA;1,42782863;3,495456267;GO:0008417;fucosyltransferase activity;molecular_function;NO;NA
GO:0030527;39;3;0,008191783;0,018497574;1;0,966630341;NA;1,825542978;2,554371887;GO:0030527;structural constituent of chromatin;molecular_function;NO;NA
GO:0007517;7;1;0,008243243;0,017938664;1;0,943851371;NA;0,789200022;4,743833505;GO:0007517;muscle organ development;biological_process;NO;NA
GO:0030374;7;1;0,008243243;0,017938664;1;0,943851371;NA;0,789200022;4,743833505;GO:0030374;nuclear receptor coactivator activity;molecular_function;NO;NA
GO:0046855;7;1;0,008243243;0,017938664;1;0,943851371;NA;0,789200022;4,743833505;GO:0046855;obsolete inositol phosphate dephosphorylation;biological_process;NO;NA
GO:0004536;7;1;0,008243243;0,017938664;1;0,943851371;NA;0,789200022;4,743833505;GO:0004536;DNA nuclease activity;molecular_function;NO;NA
GO:0001671;7;1;0,008243243;0,017938664;1;0,943851371;NA;0,789200022;4,743833505;GO:0001671;ATPase activator activity;molecular_function;NO;NA
GO:0034968;7;1;0,008243243;0,017938664;1;0,943851371;NA;0,789200022;4,743833505;GO:0034968;obsolete histone lysine methylation;biological_process;NO;NA
GO:0000786;42;3;0,010623327;0,022308986;1;1;NA;1,73520013;2,371916752;GO:0000786;nucleosome;cellular_component;NO;NA
GO:0016614;8;1;0,010842233;0,022213356;1;1;NA;0,759085739;4,150854317;GO:0016614;oxidoreductase activity, acting on CH-OH group of donors;molecular_function;NO;NA
GO:0043531;8;1;0,010842233;0,022213356;1;1;NA;0,759085739;4,150854317;GO:0043531;ADP binding;molecular_function;NO;NA
GO:0016811;8;1;0,010842233;0,022213356;1;1;NA;0,759085739;4,150854317;GO:0016811;hydrolase activity, acting on carbon-nitrogen (but not peptide) bonds, in linear amides;molecular_function;NO;NA
GO:0006432;8;1;0,010842233;0,022213356;1;1;NA;0,759085739;4,150854317;GO:0006432;phenylalanyl-tRNA aminoacylation;biological_process;NO;NA
GO:0005741;9;1;0,013751674;0,027115976;1;1;NA;0,728971456;3,689648281;GO:0005741;mitochondrial outer membrane;cellular_component;NO;NA
GO:0006325;9;1;0,013751674;0,027115976;1;1;NA;0,728971456;3,689648281;GO:0006325;chromatin organization;biological_process;NO;NA
GO:0004519;9;1;0,013751674;0,027115976;1;1;NA;0,728971456;3,689648281;GO:0004519;endonuclease activity;molecular_function;NO;NA
GO:0031146;9;1;0,013751674;0,027115976;1;1;NA;0,728971456;3,689648281;GO:0031146;SCF-dependent proteasomal ubiquitin-dependent protein catabolic process;biological_process;NO;NA
GO:0001733;97;5;0,015014637;0,028795195;1;1;NA;2,078914586;1,711692502;GO:0001733;galactosylceramide sulfotransferase activity;molecular_function;NO;NA
GO:0009247;97;5;0,015014637;0,028795195;1;1;NA;2,078914586;1,711692502;GO:0009247;glycolipid biosynthetic process;biological_process;NO;NA
GO:0007585;10;1;0,016957757;0,031654481;1;1;NA;0,698857174;3,320683453;GO:0007585;respiratory gaseous exchange by respiratory system;biological_process;NO;NA
GO:0003854;10;1;0,016957757;0,031654481;1;1;NA;0,698857174;3,320683453;GO:0003854;3-beta-hydroxy-delta5-steroid dehydrogenase (NAD+) activity;molecular_function;NO;NA
GO:0006694;10;1;0,016957757;0,031654481;1;1;NA;0,698857174;3,320683453;GO:0006694;steroid biosynthetic process;biological_process;NO;NA
GO:0046034;10;1;0,016957757;0,031654481;1;1;NA;0,698857174;3,320683453;GO:0046034;ATP metabolic process;biological_process;NO;NA
GO:0030145;11;1;0,020447111;0,036857454;1;1;NA;0,668742891;3,018803139;GO:0030145;manganese ion binding;molecular_function;NO;NA
GO:0043022;11;1;0,020447111;0,036857454;1;1;NA;0,668742891;3,018803139;GO:0043022;ribosome binding;molecular_function;NO;NA
GO:0004714;11;1;0,020447111;0,036857454;1;1;NA;0,668742891;3,018803139;GO:0004714;transmembrane receptor protein tyrosine kinase activity;molecular_function;NO;NA
GO:0046854;11;1;0,020447111;0,036857454;1;1;NA;0,668742891;3,018803139;GO:0046854;phosphatidylinositol phosphate biosynthetic process;biological_process;NO;NA
GO:0008484;29;2;0,021153439;0,037329598;1;1;NA;1,126685804;2,290126519;GO:0008484;sulfuric ester hydrolase activity;molecular_function;NO;NA
GO:0016887;108;5;0,024134417;0,042235229;1;1;NA;1,747657477;1,537353451;GO:0016887;ATP hydrolysis activity;molecular_function;NO;NA
GO:0051087;12;1;0,024206786;0,042011778;1;1;NA;0,638628609;2,767236211;GO:0051087;protein-folding chaperone binding;molecular_function;NO;NA
GO:0008194;31;2;0,02525185;0,043466299;1;1;NA;1,066457239;2,142376421;GO:0008194;UDP-glycosyltransferase activity;molecular_function;NO;NA
GO:0046982;55;3;0,026306309;0,04491321;1;1;NA;1,343714456;1,811281884;GO:0046982;protein heterodimerization activity;molecular_function;NO;NA
GO:0016772;13;1;0,028224243;0,047227817;1;1;NA;0,608514326;2,554371887;GO:0016772;transferase activity, transferring phosphorus-containing groups;molecular_function;NO;NA
GO:0008199;13;1;0,028224243;0,047227817;1;1;NA;0,608514326;2,554371887;GO:0008199;ferric iron binding;molecular_function;NO;NA
GO:0003746;13;1;0,028224243;0,047227817;1;1;NA;0,608514326;2,554371887;GO:0003746;translation elongation factor activity;molecular_function;NO;NA
GO:0005125;13;1;0,028224243;0,047227817;1;1;NA;0,608514326;2,554371887;GO:0005125;cytokine activity;molecular_function;NO;NA
GO:0016055;33;2;0,029745369;0,048800997;1;1;NA;1,006228674;2,012535426;GO:0016055;Wnt signaling pathway;biological_process;NO;NA
GO:0045901;14;1;0,032487343;0,052682178;1;1;NA;0,578400043;2,371916752;GO:0045901;positive regulation of translational elongation;biological_process;NO;NA
GO:0004100;14;1;0,032487343;0,052682178;1;1;NA;0,578400043;2,371916752;GO:0004100;chitin synthase activity;molecular_function;NO;NA
GO:0009253;15;1;0,036984338;0,058838719;1;1;NA;0,548285761;2,213788969;GO:0009253;peptidoglycan catabolic process;biological_process;NO;NA
GO:0003887;15;1;0,036984338;0,058838719;1;1;NA;0,548285761;2,213788969;GO:0003887;DNA-directed DNA polymerase activity;molecular_function;NO;NA
GO:0006807;15;1;0,036984338;0,058838719;1;1;NA;0,548285761;2,213788969;GO:0006807;obsolete nitrogen compound metabolic process;biological_process;NO;NA
GO:0007156;92;4;0,041157759;0,064500966;1;1;NA;1,229485999;1,443775414;GO:0007156;homophilic cell adhesion via plasma membrane adhesion molecules;biological_process;NO;NA
GO:0140664;16;1;0,041703854;0,06463328;1;1;NA;0,518171478;2,075427158;GO:0140664;ATP-dependent DNA damage sensor activity;molecular_function;NO;NA
GO:0005540;16;1;0,041703854;0,06463328;1;1;NA;0,518171478;2,075427158;GO:0005540;hyaluronic acid binding;molecular_function;NO;NA
GO:0046872;229;8;0,047938966;0,073483086;1;1;NA;1,10382928;1,160064088;GO:0046872;metal ion binding;molecular_function;NO;NA
GO:0052689;19;1;0,05708927;0,086874975;1;1;NA;0,42782863;1,747728133;GO:0052689;carboxylic ester hydrolase activity;molecular_function;NO;NA
GO:0005164;20;1;0,062592354;0,094563987;1;1;NA;0,397714348;1,660341727;GO:0005164;tumor necrosis factor receptor binding;molecular_function;NO;NA
GO:0016758;45;2;0,064724112;0,097086167;1;1;NA;0,644857282;1,475859313;GO:0016758;hexosyltransferase activity;molecular_function;NO;NA
GO:0019843;21;1;0,068266411;0,101314108;1;1;NA;0,367600065;1,581277835;GO:0019843;rRNA binding;molecular_function;NO;NA
GO:0007219;21;1;0,068266411;0,101314108;1;1;NA;0,367600065;1,581277835;GO:0007219;Notch signaling pathway;biological_process;NO;NA
GO:0006260;47;2;0,071812578;0,105459031;1;1;NA;0,584628717;1,413056789;GO:0006260;DNA replication;biological_process;NO;NA
GO:0046983;108;4;0,071943915;0,104918209;1;1;NA;0,747657477;1,22988276;GO:0046983;protein dimerization activity;molecular_function;NO;NA
GO:0005886;77;3;0,073867707;0,106980816;1;1;NA;0,681200238;1,293772774;GO:0005886;plasma membrane;cellular_component;NO;NA
GO:0016779;22;1;0,074102126;0,10658525;1;1;NA;0,337485782;1,50940157;GO:0016779;nucleotidyltransferase activity;molecular_function;NO;NA
GO:0005739;48;2;0,075481609;0,107830869;1;1;NA;0,554514434;1,383618106;GO:0005739;mitochondrion;cellular_component;NO;NA
GO:0022848;23;1;0,080090493;0,113641916;1;1;NA;0,3073715;1,443775414;GO:0022848;acetylcholine-gated monoatomic cation-selective channel activity;molecular_function;NO;NA
GO:0008061;50;2;0,083061432;0,117066448;1;1;NA;0,494285869;1,328273381;GO:0008061;chitin binding;molecular_function;NO;NA
GO:0045211;24;1;0,086222806;0,120711928;1;1;NA;0,277257217;1,383618106;GO:0045211;postsynaptic membrane;cellular_component;NO;NA
GO:0006520;25;1;0,092490652;0,128204864;1;1;NA;0,247142935;1,328273381;GO:0006520;amino acid metabolic process;biological_process;NO;NA
GO:0009982;25;1;0,092490652;0,128204864;1;1;NA;0,247142935;1,328273381;GO:0009982;pseudouridine synthase activity;molecular_function;NO;NA
GO:0003779;54;2;0,099142013;0,136077273;1;1;NA;0,373828739;1,22988276;GO:0003779;actin binding;molecular_function;NO;NA
GO:0016020;1138;29;0,099949546;0,136294836;1;1;NA;-5,270053621;0,846219861;GO:0016020;membrane;cellular_component;NO;NA
GO:0030246;86;3;0,100824008;0,13660027;1;1;NA;0,410171695;1,158377949;GO:0030246;carbohydrate binding;molecular_function;NO;NA
GO:0005615;27;1;0,105400703;0,140981832;1;1;NA;0,186914369;1,22988276;GO:0005615;extracellular space;cellular_component;NO;NA
GO:0004601;27;1;0,105400703;0,140981832;1;1;NA;0,186914369;1,22988276;GO:0004601;peroxidase activity;molecular_function;NO;NA
GO:0051537;27;1;0,105400703;0,140981832;1;1;NA;0,186914369;1,22988276;GO:0051537;2 iron, 2 sulfur cluster binding;molecular_function;NO;NA
GO:0050661;28;1;0,112027471;0,147036055;1;1;NA;0,156800087;1,185958376;GO:0050661;NADP binding;molecular_function;NO;NA
GO:0006915;28;1;0,112027471;0,147036055;1;1;NA;0,156800087;1,185958376;GO:0006915;apoptotic process;biological_process;NO;NA
GO:0006397;28;1;0,112027471;0,147036055;1;1;NA;0,156800087;1,185958376;GO:0006397;mRNA processing;biological_process;NO;NA
GO:0071949;29;1;0,118758881;0,153473015;1;1;NA;0,126685804;1,14506326;GO:0071949;FAD binding;molecular_function;NO;NA
GO:0036211;29;1;0,118758881;0,153473015;1;1;NA;0,126685804;1,14506326;GO:0036211;protein modification process;biological_process;NO;NA
GO:0008081;31;1;0,132507586;0,169674348;1;1;NA;0,066457239;1,071188211;GO:0008081;phosphoric diester hydrolase activity;molecular_function;NO;NA
GO:0051536;32;1;0,139511468;0,17756005;1;1;NA;0,036342956;1,037713579;GO:0051536;iron-sulfur cluster binding;molecular_function;NO;NA
GO:0016787;137;4;0,151725643;0,191942078;1;1;NA;-0,125656719;0,969542614;GO:0016787;hydrolase activity;molecular_function;NO;NA
GO:0015031;34;1;0,153746506;0,19333393;1;1;NA;-0,023885609;0,976671604;GO:0015031;protein transport;biological_process;NO;NA
GO:0006979;37;1;0,175578526;0,219473158;1;1;NA;-0,114228457;0,897482014;GO:0006979;response to oxidative stress;biological_process;NO;NA
GO:0004725;38;1;0,18296153;0,227348647;1;1;NA;-0,14434274;0,873864067;GO:0004725;protein tyrosine phosphatase activity;molecular_function;NO;NA
GO:0004252;109;3;0,185973984;0,229732569;1;1;NA;-0,282456806;0,913949574;GO:0004252;serine-type endopeptidase activity;molecular_function;NO;NA
GO:0008076;40;1;0,197855131;0,242979986;1;1;NA;-0,204571305;0,830170863;GO:0008076;voltage-gated potassium channel complex;cellular_component;NO;NA
GO:0004930;573;14;0,203115565;0,247989935;1;1;NA;-3,255483941;0,811336271;GO:0004930;G protein-coupled receptor activity;molecular_function;NO;NA
GO:0016579;41;1;0,205356085;0,248557798;1;1;NA;-0,234685587;0,809922793;GO:0016579;protein deubiquitination;biological_process;NO;NA
GO:0016616;41;1;0,205356085;0,248557798;1;1;NA;-0,234685587;0,809922793;GO:0016616;oxidoreductase activity, acting on the CH-OH group of donors, NAD or NADP as acceptor;molecular_function;NO;NA
GO:0016301;42;1;0,212887012;0,255464415;1;1;NA;-0,26479987;0,790638917;GO:0016301;kinase activity;molecular_function;NO;NA
GO:0007186;581;14;0,217657199;0,259704612;1;1;NA;-3,496398202;0,800164688;GO:0007186;G protein-coupled receptor signaling pathway;biological_process;NO;NA
GO:0008236;43;1;0,220443532;0,261543173;1;1;NA;-0,294914153;0,772251966;GO:0008236;serine-type peptidase activity;molecular_function;NO;NA
GO:0008017;79;2;0,22080832;0,260504198;1;1;NA;-0,379028327;0,840679355;GO:0008017;microtubule binding;molecular_function;NO;NA
GO:0043565;203;5;0,239296413;0,280738808;1;1;NA;-1,113199372;0,817902328;GO:0043565;sequence-specific DNA binding;molecular_function;NO;NA
GO:0005249;46;1;0,243225309;0,28376286;1;1;NA;-0,385257;0,721887707;GO:0005249;voltage-gated potassium channel activity;molecular_function;NO;NA
GO:0000166;85;2;0,253506567;0,294123642;1;1;NA;-0,559714023;0,781337283;GO:0000166;nucleotide binding;molecular_function;NO;NA
GO:0006486;221;5;0,301703645;0,34811959;1;1;NA;-1,655256459;0,751285849;GO:0006486;protein glycosylation;biological_process;NO;NA
GO:0008168;96;2;0,314835295;0,361286404;1;1;NA;-0,890971131;0,691809053;GO:0008168;methyltransferase activity;molecular_function;NO;NA
GO:0051260;62;1;0,364151891;0,415608136;1;1;NA;-0,867085522;0,535594105;GO:0051260;protein homooligomerization;biological_process;NO;NA
GO:0005576;202;4;0,399436498;0,453414403;1;1;NA;-2,083085089;0,65756108;GO:0005576;extracellular region;cellular_component;NO;NA
GO:0006813;69;1;0,414972941;0,468517837;1;1;NA;-1,077885501;0,481258471;GO:0006813;potassium ion transport;biological_process;NO;NA
GO:0004222;117;2;0,431405206;0,484465739;1;1;NA;-1,523371066;0,567638197;GO:0004222;metalloendopeptidase activity;molecular_function;NO;NA
GO:0006470;72;1;0,436128749;0,487165092;1;1;NA;-1,168228349;0,461206035;GO:0006470;protein dephosphorylation;biological_process;NO;NA
GO:0003723;306;6;0,438543958;0,487271064;1;1;NA;-3,214970482;0,651114403;GO:0003723;RNA binding;molecular_function;NO;NA
GO:0005506;212;4;0,439682252;0,485964594;1;1;NA;-2,384227915;0,626544048;GO:0005506;iron ion binding;molecular_function;NO;NA
GO:0050660;75;1;0,456862044;0,502309053;1;1;NA;-1,258571196;0,442757794;GO:0050660;flavin adenine dinucleotide binding;molecular_function;NO;NA
GO:0003824;314;6;0,464961513;0,508551655;1;1;NA;-3,455884742;0,634525501;GO:0003824;catalytic activity;molecular_function;NO;NA
GO:0016705;175;3;0,484002763;0,526635131;1;1;NA;-2,269999458;0,569260021;GO:0016705;oxidoreductase activity, acting on paired donors, with incorporation or reduction of molecular oxygen;molecular_function;NO;NA
GO:0008237;129;2;0,494857798;0,535670812;1;1;NA;-1,884742458;0,514834644;GO:0008237;metallopeptidase activity;molecular_function;NO;NA
GO:0004497;178;3;0,497173102;0,535417187;1;1;NA;-2,360342306;0,559665751;GO:0004497;monooxygenase activity;molecular_function;NO;NA
GO:0007166;84;1;0,516290136;0,553168003;1;1;NA;-1,52959974;0,395319459;GO:0007166;cell surface receptor signaling pathway;biological_process;NO;NA
GO:0034220;253;4;0,594551897;0,633786287;1;1;NA;-3,618913503;0,525009242;GO:0034220;monoatomic ion transmembrane transport;biological_process;NO;NA
GO:0008373;160;2;0,639915995;0,678698783;1;1;NA;-2,818285219;0,415085432;GO:0008373;sialyltransferase activity;molecular_function;NO;NA
GO:0005737;165;2;0,660364942;0,696867527;1;1;NA;-2,968856632;0,402507085;GO:0005737;cytoplasm;cellular_component;NO;NA
GO:0016491;342;5;0,704538663;0,739765596;1;1;NA;-5,299084656;0,485480037;GO:0016491;oxidoreductase activity;molecular_function;NO;NA
GO:0006412;122;1;0,71666925;0,748758918;1;1;NA;-2,67394248;0,272187168;GO:0006412;translation;biological_process;NO;NA
GO:0003924;183;2;0,726935229;0,755724743;1;1;NA;-3,510913719;0,362916224;GO:0003924;GTPase activity;molecular_function;NO;NA
GO:0005230;184;2;0,730314278;0,755497529;1;1;NA;-3,541028002;0,360943854;GO:0005230;extracellular ligand-gated monoatomic ion channel activity;molecular_function;NO;NA
GO:0006355;450;5;0,900802923;0,927297127;1;1;NA;-8,551427179;0,368964828;GO:0006355;regulation of DNA-templated transcription;biological_process;NO;NA
GO:0005216;335;3;0,914085791;0,936380566;1;1;NA;-7,088284677;0,297374638;GO:0005216;monoatomic ion channel activity;molecular_function;NO;NA
GO:0005634;275;2;0,922498301;0,94041089;1;1;NA;-6,28142772;0,241504251;GO:0005634;nucleus;cellular_component;NO;NA
GO:0003700;206;1;0,925974136;0,939394051;1;1;NA;-5,20354222;0,161198226;GO:0003700;DNA-binding transcription factor activity;molecular_function;NO;NA
GO:0006811;354;3;0,933364943;0,942339606;1;1;NA;-7,660456047;0,281413852;GO:0006811;monoatomic ion transport;biological_process;NO;NA
GO:0022857;255;1;0,96810636;0,972738447;1;1;NA;-6,679142068;0,130222881;GO:0022857;transmembrane transporter activity;molecular_function;NO;NA
GO:0055085;422;1;0,998471843;0,998471843;1;0,998471843;NA;-11,70822727;0,078689181;GO:0055085;transmembrane transport;biological_process;NO;NA
