;ID;total_counts;observed_counts;pvalue;FDR;Bonferroni;Holm-Bonferroni;value;description;diffexpressed;delabel
1;PF12191;1;1;0;0;0;0;0,969885717;Tumour necrosis factor receptor stn_TNFRSF12A_TNFR domain;NO;NA
2;PF13634;1;1;0;0;0;0;0,969885717;Nucleoporin FG repeat region;NO;NA
3;PF10335;1;1;0;0;0;0;0,969885717;Putative nucleotidyltransferase substrate binding domain;NO;NA
4;PF02393;1;1;0;0;0;0;0,969885717;US22 like;NO;NA
5;PF01262;1;1;0;0;0;0;0,969885717;Alanine dehydrogenase/PNT, C-terminal domain;NO;NA
6;PF02899;1;1;0;0;0;0;0,969885717;Phage integrase, N-terminal SAM-like domain;NO;NA
7;PF14862;1;1;0;0;0;0;0,969885717;Big defensin;NO;NA
8;PF15227;1;1;0;0;0;0;0,969885717;zinc finger of C3HC4-type, RING;NO;NA
9;PF13240;1;1;0;0;0;0;0,969885717;zinc-ribbon domain;NO;NA
10;PF16472;1;1;0;0;0;0;0,969885717;Domain of unknown function (DUF5050);NO;NA
11;PF02500;1;1;0;0;0;0;0,969885717;Probable DNA packing protein, N-terminus;NO;NA
12;PF00531;205;34;3,94E-19;1,07E-17;1,28E-16;1,24E-16;27,82657206;Death domain;UP;Death domain
13;PF13424;177;30;1,95E-17;4,89E-16;6,36E-15;6,13E-15;24,66977198;Tetratricopeptide repeat;UP;TPR
14;PF13374;79;21;2,71E-17;6,31E-16;8,83E-15;8,48E-15;18,62097167;Tetratricopeptide repeat;UP;TPR
15;PF00059;455;44;9,00E-15;1,96E-13;2,93E-12;2,81E-12;30,29800141;Lectin C-type domain;UP;Lectin C
16;PF13359;16;10;9,47E-15;1,93E-13;3,09E-12;2,95E-12;9,518171478;DDE superfamily endonuclease;UP;DDE sup.
17;PF04548;13;9;2,61E-14;5,00E-13;8,49E-12;8,08E-12;8,608514326;AIG1 family;UP;AIG1
18;PF13176;120;21;3,27E-13;5,93E-12;1,07E-10;1,01E-10;17,38628609;Tetratricopeptide repeat;UP;TPR
19;PF03445;80;17;1,17E-12;2,01E-11;3,81E-10;3,60E-10;14,59085739;Putative nucleotidyltransferase DUF294;UP;NTase
20;PF20231;11;7;2,41E-11;3,93E-10;7,86E-09;7,41E-09;6,668742891;Family of unknown function (DUF6589);UP;unknown
21;PF00008;267;27;2,60E-10;4,03E-09;8,47E-08;7,95E-08;18,95948654;EGF-like domain;UP;EGF-like 
22;PF01582;43;11;4,53E-10;6,72E-09;1,48E-07;1,38E-07;9,705085847;TIR domain;UP;TIR 
23;PF13613;15;7;8,60E-10;1,22E-08;2,80E-07;2,61E-07;6,548285761;Helix-turn-helix of DDE superfamily endonuclease;UP;HTH
24;PF00619;103;16;8,68E-10;1,18E-08;2,83E-07;2,63E-07;12,89822889;Caspase recruitment domain;UP;Caspase  
25;PF13855;647;43;3,99E-09;5,20E-08;1,30E-06;1,20E-06;23,51605915;Leucine rich repeat;UP;LRR
26;PF00041;232;23;6,33E-09;7,93E-08;2,06E-06;1,90E-06;16,01348643;Fibronectin type III domain;UP;Fibr.
27;PF13676;68;12;1,32E-08;1,59E-07;4,29E-06;3,95E-06;9,952228782;TIR domain;UP;TIR 
28;PF02902;9;5;1,97E-08;2,29E-07;6,41E-06;5,88E-06;4,728971456;Ulp1 protease family, C-terminal catalytic domain;UP;Ulp1 protease 
29;PF00653;15;6;3,37E-08;3,79E-07;1,10E-05;1,00E-05;5,548285761;Inhibitor of Apoptosis domain;UP;IAP
30;PF00020;23;7;5,48E-08;5,95E-07;1,79E-05;1,63E-05;6,3073715;TNFR/NGFR cysteine-rich region;UP;TNFR/NGFR 
31;PF00012;12;5;2,03E-07;2,13E-06;6,61E-05;6,00E-05;4,638628609;Hsp70 protein;UP;Hsp70 
32;PF06119;38;8;3,30E-07;3,36E-06;0,000107657;9,74E-05;6,85565726;Nidogen-like;UP;Nidogen-like
33;PF08477;75;11;3,68E-07;3,64E-06;0,000120099;0,00010831;8,741428804;Ras of Complex, Roc, domain of DAPkinase;UP;Roc
34;PF16977;13;5;3,68E-07;3,53E-06;0,000120115;0,000107956;4,608514326;C-terminal domain of apextrin;UP;apex
35;PF07699;53;9;7,12E-07;6,63E-06;0,000232184;0,000207969;7,403943021;Tyrosine-protein kinase ephrin type A/B receptor-like;UP;Tyrosine
36;PF00350;31;7;7,37E-07;6,67E-06;0,000240298;0,000214499;6,066457239;Dynamin family;UP;Dynamin 
37;PF07714;238;20;7,97E-07;7,02E-06;0,000259724;0,000231043;12,83280074;Protein tyrosine and serine/threonine kinase;UP;SER/THR kinase
38;PF05049;15;5;1,03E-06;8,83E-06;0,000335515;0,000297435;4,548285761;Interferon-inducible GTPase (IIGP);UP;INF-ind
39;PF16095;83;11;1,14E-06;9,49E-06;0,000370273;0,000327113;8,500514543;C-terminal of Roc, COR, domain;UP;COR
40;PF09588;9;4;1,16E-06;9,42E-06;0,000376625;0,000331569;3,728971456;YqaJ-like viral recombinase domain;NO;NA
41;PF14670;133;14;1,43E-06;1,13E-05;0,000465265;0,000408177;9,994800412;Coagulation Factor Xa inhibitory site;UP;CFX
42;PF07645;248;20;1,55E-06;1,20E-05;0,000505281;0,000441734;12,53165791;Calcium-binding EGF domain;UP;EGF 
43;PF02494;34;7;1,59E-06;1,20E-05;0,000517248;0,000450609;5,976114391;HYR domain;UP;HYR domain
44;PF00094;101;12;1,59E-06;1,18E-05;0,000519111;0,000450639;8,958457455;von Willebrand factor type D domain;UP;vW
45;PF01936;5;3;1,95E-06;1,40E-05;0,000635644;0,000548877;2,849428587;NYN domain;NO;NA
46;PF04218;5;3;1,95E-06;1,40E-05;0,000635644;0,000548877;2,849428587;CENP-B N-terminal DNA-binding domain;NO;NA
47;PF12662;65;9;4,98E-06;3,45E-05;0,001622778;0,001393797;7,04257163;Complement Clr-like EGF-like;UP;Clr-like 
48;PF19272;6;3;5,73E-06;3,89E-05;0,001868724;0,001599306;2,819314304;Acid sphingomyelin phosphodiesterase C-terminal region;NO;NA
49;PF03953;12;4;6,82E-06;4,54E-05;0,002222615;0,001895359;3,638628609;Tubulin C-terminal domain;NO;NA
50;PF01335;54;8;7,51E-06;4,90E-05;0,002448882;0,002080799;6,373828739;Death effector domain;UP;Death eff
51;PF00147;193;16;8,87E-06;5,67E-05;0,002893061;0,00244934;10,18794345;Fibrinogen beta and gamma chains, C-terminal globular domain;UP;Fibr B
52;PF00084;257;19;9,68E-06;6,07E-05;0,003154328;0,00266086;11,26062937;Sushi repeat (SCR repeat);UP;SCR
53;PF13820;13;4;1,08E-05;6,55E-05;0,003536677;0,002961696;3,608514326;Putative nucleic acid-binding region;NO;NA
54;PF00091;13;4;1,08E-05;6,55E-05;0,003536677;0,002961696;3,608514326;Tubulin/FtsZ family, GTPase domain;NO;NA
55;PF04970;13;4;1,08E-05;6,55E-05;0,003536677;0,002961696;3,608514326;Lecithin retinol acyltransferase;NO;NA
56;PF00534;103;11;1,13E-05;6,59E-05;0,003690702;0,003068037;7,89822889;Glycosyl transferases group 1;UP;Glycosyl transf.
57;PF02229;7;3;1,31E-05;7,43E-05;0,00427306;0,003532483;2,789200022;Transcriptional Coactivator p15 (PC4);NO;NA
58;PF16673;7;3;1,31E-05;7,43E-05;0,00427306;0,003532483;2,789200022;TNF receptor-associated factor BIRC3 binding domain;NO;NA
59;PF20499;3;2;1,59E-05;8,69E-05;0,005171235;0,004243268;1,909657152;Domain of unknown function (DUF6729);NO;NA
60;PF13538;3;2;1,59E-05;8,69E-05;0,005171235;0,004243268;1,909657152;UvrD-like helicase C-terminal domain;NO;NA
61;PF18758;9;3;4,53E-05;0,000242197;0,014774002;0,012054861;2,728971456;Kyakuja-Dileera-Zisupton transposase;NO;NA
62;PF06021;4;2;6,23E-05;0,000322155;0,02029575;0,016435822;1,87954287;Aralkyl acyl-CoA:amino acid N-acyltransferase;NO;NA
63;PF02946;4;2;6,23E-05;0,000322155;0,02029575;0,016435822;1,87954287;GTF2I-like repeat;NO;NA
64;PF02992;4;2;6,23E-05;0,000322155;0,02029575;0,016435822;1,87954287;Transposase family tnp2;NO;NA
65;PF13086;18;4;6,50E-05;0,00032369;0,021201709;0,017006892;3,457942913;AAA domain;NO;NA
66;PF02176;18;4;6,50E-05;0,00032369;0,021201709;0,017006892;3,457942913;TRAF-type zinc finger;NO;NA
67;PF03221;10;3;7,40E-05;0,000360174;0,024131627;0,019246083;2,698857174;Tc5 transposase DNA-binding domain;NO;NA
68;PF13516;108;10;9,08E-05;0,000435284;0,029599306;0,023516013;6,747657477;Leucine Rich repeat;UP;LRR
69;PF00092;111;10;0,000116343;0,000549681;0,03792797;0,030016614;6,657314629;von Willebrand factor type A domain;UP;vW
70;PF05729;61;7;0,000141289;0,000658003;0,04606024;0,036311293;5,16302876;NACHT domain;UP;NACHT 
71;PF01079;5;2;0,000152718;0,000696306;0,049785907;0,039019323;1,849428587;Hint module;NO;NA
72;PF03782;5;2;0,000152718;0,000696306;0,049785907;0,039019323;1,849428587;AMOP domain;NO;NA
73;PF00098;33;5;0,000154633;0,000690553;0,050410387;0,039276805;4,006228674;Zinc knuckle;UP;Zinc knuckle
74;PF03184;12;3;0,000167593;0,000738317;0,054635473;0,04240115;2,638628609;DDE superfamily endonuclease;NO;NA
75;PF05485;23;4;0,000230073;0,001000049;0,075003679;0,057978304;3,3073715;THAP domain;NO;NA
76;PF12661;84;8;0,000265564;0,001139128;0,086573744;0,066656472;5,47040026;Human growth factor-like EGF;UP;HGF
77;PF05168;6;2;0,000299703;0,001244625;0,097703091;0,074476129;1,819314304;HEPN domain;NO;NA
78;PF05699;6;2;0,000299703;0,001244625;0,097703091;0,074476129;1,819314304;hAT family C-terminal dimerisation region;NO;NA
79;PF14529;6;2;0,000299703;0,001244625;0,097703091;0,074476129;1,819314304;Endonuclease-reverse transcriptase;NO;NA
80;PF13837;6;2;0,000299703;0,001244625;0,097703091;0,074476129;1,819314304;Myb/SANT-like DNA-binding domain;NO;NA
81;PF03567;39;5;0,000400661;0,001612537;0,130615495;0,098562613;3,825542978;Sulfotransferase family;NO;NA
82;PF00270;73;7;0,000494902;0,001967537;0,16133806;0,121250996;4,801657369;DEAD/DEAH box helicase;UP;DEAD/DEAH 
83;PF18346;7;2;0,000514649;0,002009289;0,167775615;0,125317062;1,789200022;Mind bomb SH3 repeat domain;NO;NA
84;PF13695;7;2;0,000514649;0,002009289;0,167775615;0,125317062;1,789200022;Zinc-binding domain;NO;NA
85;PF04923;16;3;0,000568617;0,002180814;0,185369198;0,137605356;2,518171478;Ninjurin;NO;NA
86;PF01436;223;14;0,000577845;0,002190437;0,188377558;0,13926071;7,284514976;NHL repeat;UP;NHL repeat
87;PF01823;28;4;0,000605515;0,00226894;0,197397747;0,145323495;3,156800087;MAC/Perforin domain;NO;NA
88;PF05222;2;1;0,000631815;0,002191188;0,205971666;0,147212878;0,939771435;Alanine dehydrogenase/PNT, N-terminal domain;NO;NA
89;PF16368;2;1;0,000631815;0,002191188;0,205971666;0,147212878;0,939771435;Cytoplasmic polyadenylation element-binding protein 1 N-terminus;NO;NA
90;PF01382;2;1;0,000631815;0,002191188;0,205971666;0,147212878;0,939771435;Avidin family;NO;NA
91;PF01464;2;1;0,000631815;0,002191188;0,205971666;0,147212878;0,939771435;Transglycosylase SLT domain;NO;NA
92;PF07713;2;1;0,000631815;0,002191188;0,205971666;0,147212878;0,939771435;Protein of unknown function (DUF1604);NO;NA
93;PF04500;2;1;0,000631815;0,002191188;0,205971666;0,147212878;0,939771435;FLYWCH zinc finger domain;NO;NA
94;PF04161;2;1;0,000631815;0,002191188;0,205971666;0,147212878;0,939771435;Arv1-like family;NO;NA
95;PF19737;2;1;0,000631815;0,002191188;0,205971666;0,147212878;0,939771435;Fukutin N-terminal;NO;NA
96;PF16026;2;1;0,000631815;0,002191188;0,205971666;0,147212878;0,939771435;Mitochondria-eating protein;NO;NA
97;PF14291;2;1;0,000631815;0,002191188;0,205971666;0,147212878;0,939771435;Domain of unknown function (DUF4371);NO;NA
98;PF19018;2;1;0,000631815;0,002191188;0,205971666;0,147212878;0,939771435;Vanin C-terminal domain;NO;NA
99;PF00268;2;1;0,000631815;0,002191188;0,205971666;0,147212878;0,939771435;Ribonucleotide reductase, small chain;NO;NA
100;PF02961;2;1;0,000631815;0,002191188;0,205971666;0,147212878;0,939771435;Barrier to autointegration factor;NO;NA
101;PF10551;8;2;0,000808024;0,002608078;0,263415883;0,182613465;1,759085739;MULE transposase domain;NO;NA
102;PF13087;18;3;0,00091847;0,002935503;0,299421256;0,206655775;2,457942913;AAA domain;NO;NA
103;PF00100;63;6;0,001014863;0,003212089;0,330845209;0,227329223;4,102800195;Zona pellucida-like domain;UP;ZP
104;PF08742;49;5;0,001387879;0,004350468;0,452448634;0,309497072;3,524400152;C8 domain;NO;NA
105;PF02841;10;2;0,001667385;0,005176834;0,543567622;0,370159546;1,698857174;Guanylate-binding protein, C-terminal domain;NO;NA
106;PF12560;3;1;0,001863719;0,00530631;0,607572528;0,396040375;0,909657152;RAG1 importin binding;NO;NA
107;PF18802;3;1;0,001863719;0,00530631;0,607572528;0,396040375;0,909657152;CxC1 like cysteine cluster associated with KDZ transposases;NO;NA
108;PF05497;3;1;0,001863719;0,00530631;0,607572528;0,396040375;0,909657152;Destabilase;NO;NA
109;PF16366;3;1;0,001863719;0,00530631;0,607572528;0,396040375;0,909657152;Cytoplasmic polyadenylation element-binding protein ZZ domain;NO;NA
110;PF16516;3;1;0,001863719;0,00530631;0,607572528;0,396040375;0,909657152;Leucine zipper of domain CC2 of NEMO, NF-kappa-B essential modulator;NO;NA
111;PF16367;3;1;0,001863719;0,00530631;0,607572528;0,396040375;0,909657152;RNA recognition motif;NO;NA
112;PF04852;3;1;0,001863719;0,00530631;0,607572528;0,396040375;0,909657152;ALOG domain;NO;NA
113;PF00319;3;1;0,001863719;0,00530631;0,607572528;0,396040375;0,909657152;SRF-type transcription factor (DNA-binding and dimerisation domain);NO;NA
114;PF16678;3;1;0,001863719;0,00530631;0,607572528;0,396040375;0,909657152;HOIP UBA domain pair;NO;NA
115;PF00185;3;1;0,001863719;0,00530631;0,607572528;0,396040375;0,909657152;Aspartate/ornithine carbamoyltransferase, Asp/Orn binding domain;NO;NA
116;PF05609;3;1;0,001863719;0,00530631;0,607572528;0,396040375;0,909657152;Lamina-associated polypeptide 1, AAA+ activator domain;NO;NA
117;PF02729;3;1;0,001863719;0,00530631;0,607572528;0,396040375;0,909657152;Aspartate/ornithine carbamoyltransferase, carbamoyl-P binding domain;NO;NA
118;PF14709;3;1;0,001863719;0,00530631;0,607572528;0,396040375;0,909657152;double strand RNA binding domain from DEAD END PROTEIN 1;NO;NA
119;PF13289;3;1;0,001863719;0,00530631;0,607572528;0,396040375;0,909657152;SIR2-like domain;NO;NA
120;PF17786;3;1;0,001863719;0,00530631;0,607572528;0,396040375;0,909657152;Mannosidase Ig/CBM-like domain;NO;NA
121;PF17753;3;1;0,001863719;0,00530631;0,607572528;0,396040375;0,909657152;Ig-fold domain;NO;NA
122;PF10523;3;1;0,001863719;0,00530631;0,607572528;0,396040375;0,909657152;BEN domain;NO;NA
123;PF13245;3;1;0,001863719;0,00530631;0,607572528;0,396040375;0,909657152;AAA domain;NO;NA
124;PF00791;36;4;0,001967585;0,005172844;0,641432607;0,399419691;2,915885826;ZU5 domain;NO;NA
125;PF01734;22;3;0,002026948;0,005286282;0,660785206;0,409443594;2,337485782;Patatin-like phospholipase;NO;NA
126;PF13927;236;13;0,002813938;0,007280505;0,917343653;0,565601455;5,893029302;Immunoglobulin domain;UP;IG
127;PF13894;39;4;0,002824367;0,007221518;0,920743529;0,563461147;2,825542978;C2H2-type zinc finger;NO;NA
128;PF06312;39;4;0,002824367;0,007221518;0,920743529;0,563461147;2,825542978;Neurexophilin;NO;NA
129;PF01926;24;3;0,002829362;0,00715017;0,922371994;0,560213665;2,277257217;50S ribosome-binding GTPase;NO;NA
130;PF01462;25;3;0,00330192;0,008248473;1;0,648827186;2,247142935;Leucine rich repeat N-terminal domain;NO;NA
131;PF12799;25;3;0,00330192;0,008248473;1;0,648827186;2,247142935;Leucine Rich repeats (2 copies);NO;NA
132;PF00560;59;5;0,003618331;0,008936182;1;0,705574606;3,223257325;Leucine Rich Repeat;NO;NA
133;PF01287;4;1;0,003665182;0,008753475;1;0,698217156;0,87954287;Eukaryotic elongation factor 5A hypusine, DNA-binding OB fold;NO;NA
134;PF06814;4;1;0,003665182;0,008753475;1;0,698217156;0,87954287;Lung seven transmembrane receptor;NO;NA
135;PF05253;4;1;0,003665182;0,008753475;1;0,698217156;0,87954287;U11-48K-like CHHC zinc finger;NO;NA
136;PF04991;4;1;0,003665182;0,008753475;1;0,698217156;0,87954287;LicD family;NO;NA
137;PF14737;4;1;0,003665182;0,008753475;1;0,698217156;0,87954287;Domain of unknown function (DUF4470);NO;NA
138;PF06101;4;1;0,003665182;0,008753475;1;0,698217156;0,87954287;Vacuolar protein sorting-associated protein 62;NO;NA
139;PF03188;4;1;0,003665182;0,008753475;1;0,698217156;0,87954287;Eukaryotic cytochrome b561;NO;NA
140;PF02407;4;1;0,003665182;0,008753475;1;0,698217156;0,87954287;Putative viral replication protein;NO;NA
141;PF07177;13;2;0,003756033;0,008684161;1;0,698622109;1,608514326;Neuralized;NO;NA
142;PF00023;100;7;0,003791743;0,008704988;1;0,701472521;3,988571738;Ankyrin repeat;NO;NA
143;PF02037;14;2;0,004691619;0,010584552;1;0,856220438;1,578400043;SAP domain;NO;NA
144;PF13365;14;2;0,004691619;0,010584552;1;0,856220438;1,578400043;Trypsin-like peptidase domain;NO;NA
145;PF02263;14;2;0,004691619;0,010584552;1;0,856220438;1,578400043;Guanylate-binding protein, N-terminal domain;NO;NA
146;PF05050;14;2;0,004691619;0,010584552;1;0,856220438;1,578400043;Methyltransferase FkbM domain;NO;NA
147;PF00271;104;7;0,00481047;0,010668118;1;0,86588463;3,868114608;Helicase conserved C-terminal domain;NO;NA
148;PF12947;105;7;0,005095128;0,011223053;1;0,912027943;3,838000325;EGF domain;NO;NA
149;PF00629;64;5;0,005418213;0,011854614;1;0,964441922;3,072685912;MAM domain, meprin/A5/mu;NO;NA
150;PF00125;29;3;0,005726225;0,01240365;1;1;2,126685804;Core histone H2A/H2B/H3/H4;NO;NA
151;PF13964;29;3;0,005726225;0,01240365;1;1;2,126685804;Kelch motif;NO;NA
152;PF09815;15;2;0,005755747;0,012344563;1;1;1,548285761;XK-related protein;NO;NA
153;PF16124;5;1;0,006006825;0,012393829;1;1;0,849428587;RecQ zinc-binding;NO;NA
154;PF20256;5;1;0,006006825;0,012393829;1;1;0,849428587;Molybdopterin cofactor-binding domain;NO;NA
155;PF00941;5;1;0,006006825;0,012393829;1;1;0,849428587;FAD binding domain in molybdopterin dehydrogenase;NO;NA
156;PF00136;5;1;0,006006825;0,012393829;1;1;0,849428587;DNA polymerase family B;NO;NA
157;PF18803;5;1;0,006006825;0,012393829;1;1;0,849428587;CxC2 like cysteine cluster associated with KDZ transposases;NO;NA
158;PF03104;5;1;0,006006825;0,012393829;1;1;0,849428587;DNA polymerase family B, exonuclease domain;NO;NA
159;PF01315;5;1;0,006006825;0,012393829;1;1;0,849428587;Aldehyde oxidase and xanthine dehydrogenase, a/b hammerhead domain;NO;NA
160;PF06309;5;1;0,006006825;0,012393829;1;1;0,849428587;Torsin;NO;NA
161;PF10591;5;1;0,006006825;0,012393829;1;1;0,849428587;Secreted protein acidic and rich in cysteine Ca binding region;NO;NA
162;PF01799;5;1;0,006006825;0,012393829;1;1;0,849428587;[2Fe-2S] binding domain;NO;NA
163;PF03450;5;1;0,006006825;0,012393829;1;1;0,849428587;CO dehydrogenase flavoprotein C-terminal domain;NO;NA
164;PF03372;30;3;0,006477606;0,012876216;1;1;2,096571521;Endonuclease/Exonuclease/phosphatase family;NO;NA
165;PF13920;67;5;0,006770797;0,013377453;1;1;2,982343065;Zinc finger, C3HC4 type (RING finger);NO;NA
166;PF01753;48;4;0,006979898;0,01370751;1;1;2,554514434;MYND finger;NO;NA
167;PF00754;210;11;0,007257321;0,014166985;1;1;4,67600065;F5/8 type C domain;NO;NA
168;PF00530;90;6;0,007664485;0,01487275;1;1;3,289714564;Scavenger receptor cysteine-rich domain;NO;NA
169;PF13912;69;5;0,007798581;0,015043416;1;1;2,922114499;C2H2-type zinc finger;NO;NA
170;PF00644;32;3;0,008170068;0,015621362;1;1;2,036342956;Poly(ADP-ribose) polymerase catalytic domain;NO;NA
171;PF12248;32;3;0,008170068;0,015621362;1;1;2,036342956;Farnesoic acid 0-methyl transferase;NO;NA
172;PF00385;17;2;0,008286482;0,015705775;1;1;1,488057195;Chromo (CHRromatin Organisation MOdifier) domain;NO;NA
173;PF05199;6;1;0,008860386;0,016181993;1;1;0,819314304;GMC oxidoreductase;NO;NA
174;PF02738;6;1;0,008860386;0,016181993;1;1;0,819314304;Molybdopterin cofactor-binding domain;NO;NA
175;PF00459;6;1;0,008860386;0,016181993;1;1;0,819314304;Inositol monophosphatase family;NO;NA
176;PF06701;6;1;0,008860386;0,016181993;1;1;0,819314304;Mib_herc2;NO;NA
177;PF02170;6;1;0,008860386;0,016181993;1;1;0,819314304;PAZ domain;NO;NA
178;PF05743;6;1;0,008860386;0,016181993;1;1;0,819314304;UEV domain;NO;NA
179;PF05183;6;1;0,008860386;0,016181993;1;1;0,819314304;RNA dependent RNA polymerase;NO;NA
180;PF00795;6;1;0,008860386;0,016181993;1;1;0,819314304;Carbon-nitrogen hydrolase;NO;NA
181;PF02807;6;1;0,008860386;0,016181993;1;1;0,819314304;ATP:guanido phosphotransferase, N-terminal domain;NO;NA
182;PF10545;6;1;0,008860386;0,016181993;1;1;0,819314304;Alcohol dehydrogenase transcription factor Myb/SANT-like;NO;NA
183;PF02023;6;1;0,008860386;0,016181993;1;1;0,819314304;SCAN domain;NO;NA
184;PF00217;6;1;0,008860386;0,016181993;1;1;0,819314304;ATP:guanido phosphotransferase, C-terminal catalytic domain;NO;NA
185;PF07707;165;9;0,009223077;0,016252558;1;1;4,031143368;BTB And C-terminal Kelch;NO;NA
186;PF17039;18;2;0,009760085;0,017106385;1;1;1,457942913;Fucosyltransferase, N-terminal;NO;NA
187;PF01826;53;4;0,010559831;0,018409118;1;1;2,403943021;Trypsin Inhibitor like cysteine rich domain;NO;NA
188;PF00852;19;2;0,011376286;0,019726964;1;1;1,42782863;Glycosyltransferase family 10 (fucosyltransferase) C-term;NO;NA
189;PF17170;54;4;0,01140212;0,019667149;1;1;2,373828739;6-bladed beta-propeller;NO;NA
190;PF00773;7;1;0,012198681;0,020605025;1;1;0,789200022;RNB domain;NO;NA
191;PF01764;7;1;0,012198681;0,020605025;1;1;0,789200022;Lipase (class 3);NO;NA
192;PF06918;7;1;0,012198681;0,020605025;1;1;0,789200022;Protein of unknown function (DUF1280);NO;NA
193;PF18044;7;1;0,012198681;0,020605025;1;1;0,789200022;CCCH-type zinc finger;NO;NA
194;PF12714;7;1;0,012198681;0,020605025;1;1;0,789200022;TILa domain;NO;NA
195;PF04438;7;1;0,012198681;0,020605025;1;1;0,789200022;HIT zinc finger;NO;NA
196;PF02171;7;1;0,012198681;0,020605025;1;1;0,789200022;Piwi domain;NO;NA
197;PF04089;20;2;0,013137298;0,021739894;1;1;1,397714348;BRICHOS domain;NO;NA
198;PF00024;37;3;0,013597095;0,022330746;1;1;1,885771543;PAN domain;NO;NA
199;PF00149;37;3;0,013597095;0,022330746;1;1;1,885771543;Calcineurin-like phosphoesterase;NO;NA
200;PF00685;57;4;0,014200416;0,023146678;1;1;2,283485891;Sulfotransferase domain;NO;NA
201;PF02338;21;2;0,015044874;0,024401139;1;1;1,367600065;OTU-like cysteine protease;NO;NA
202;PF12012;8;1;0,015995566;0,025499044;1;1;0,759085739;Domain of unknown function (DUF3504);NO;NA
203;PF18738;8;1;0,015995566;0,025499044;1;1;0,759085739;DZIP3/ hRUL138-like HEPN;NO;NA
204;PF13472;8;1;0,015995566;0,025499044;1;1;0,759085739;GDSL-like Lipase/Acylhydrolase family;NO;NA
205;PF16622;8;1;0,015995566;0,025499044;1;1;0,759085739;zinc-finger C2H2-type;NO;NA
206;PF00931;8;1;0,015995566;0,025499044;1;1;0,759085739;NB-ARC domain;NO;NA
207;PF00111;8;1;0,015995566;0,025499044;1;1;0,759085739;2Fe-2S iron-sulfur cluster binding domain;NO;NA
208;PF00651;234;11;0,016066829;0,025181664;1;1;3,953257867;BTB/POZ domain;NO;NA
209;PF01344;129;7;0,016567863;0,025842696;1;1;3,115257542;Kelch motif;NO;NA
210;PF00536;60;4;0,017425886;0,027051613;1;1;2,193143043;SAM domain (Sterile alpha motif);NO;NA
211;PF00643;184;9;0,018583443;0,02871186;1;1;3,458971998;B-box zinc finger;NO;NA
212;PF06155;9;1;0,020225906;0,030739605;1;1;0,728971456;Gamma-butyrobetaine hydroxylase-like, N-terminal;NO;NA
213;PF00957;9;1;0,020225906;0,030739605;1;1;0,728971456;Synaptobrevin;NO;NA
214;PF00665;9;1;0,020225906;0,030739605;1;1;0,728971456;Integrase core domain;NO;NA
215;PF14707;9;1;0,020225906;0,030739605;1;1;0,728971456;C-terminal region of aryl-sulfatase;NO;NA
216;PF00388;9;1;0,020225906;0,030739605;1;1;0,728971456;Phosphatidylinositol-specific phospholipase C, X domain;NO;NA
217;PF12902;9;1;0,020225906;0,030739605;1;1;0,728971456;Ferritin-like;NO;NA
218;PF01477;135;7;0,021161166;0,031644679;1;1;2,934571846;PLAT/LH2 domain;NO;NA
219;PF19193;24;2;0,021658206;0,03216663;1;1;1,277257217;Tectonin domain;NO;NA
220;PF07974;24;2;0,021658206;0,03216663;1;1;1,277257217;EGF-like domain;NO;NA
221;PF00431;217;10;0,022204884;0,032754715;1;1;3,465200672;CUB domain;NO;NA
222;PF13637;87;5;0,022558099;0,033125857;1;1;2,380057412;Ankyrin repeats (many copies);NO;NA
223;PF12796;275;12;0,022914064;0,03349769;1;1;3,71857228;Ankyrin repeats (3 copies);NO;NA
224;PF07647;25;2;0,024161336;0,035163374;1;1;1,247142935;SAM domain (Sterile alpha motif);NO;NA
225;PF13923;44;3;0,024366281;0,035225754;1;1;1,674971565;Zinc finger, C3HC4 type (RING finger);NO;NA
226;PF00078;44;3;0,024366281;0,035225754;1;1;1,674971565;Reverse transcriptase (RNA-dependent DNA polymerase);NO;NA
227;PF01408;10;1;0,024865536;0,035320979;1;1;0,698857174;Oxidoreductase family, NAD-binding Rossmann fold;NO;NA
228;PF20478;10;1;0,024865536;0,035320979;1;1;0,698857174;P2X purinoreceptor 7 intracellular domain;NO;NA
229;PF01073;10;1;0,024865536;0,035320979;1;1;0,698857174;3-beta hydroxysteroid dehydrogenase/isomerase family;NO;NA
230;PF13553;10;1;0,024865536;0,035320979;1;1;0,698857174;Function to find;NO;NA
231;PF02894;10;1;0,024865536;0,035320979;1;1;0,698857174;Oxidoreductase family, C-terminal alpha/beta domain;NO;NA
232;PF08434;10;1;0,024865536;0,035320979;1;1;0,698857174;Calcium-activated chloride channel N terminal;NO;NA
233;PF00004;45;3;0,026226734;0,036694915;1;1;1,644857282;ATPase family associated with various cellular activities (AAA);NO;NA
234;PF01661;26;2;0,026813843;0,037356038;1;1;1,217028652;Macro domain;NO;NA
235;PF00096;437;17;0,029537172;0,040974971;1;1;3,840058495;Zinc finger, C2H2 type;NO;NA
236;PF07859;11;1;0,029891232;0,04111621;1;1;0,668742891;alpha/beta hydrolase fold;NO;NA
237;PF02984;11;1;0,029891232;0,04111621;1;1;0,668742891;Cyclin, C-terminal domain;NO;NA
238;PF09458;11;1;0,029891232;0,04111621;1;1;0,668742891;H-type lectin domain;NO;NA
239;PF05735;12;1;0,035280677;0,047625262;1;1;0,638628609;Thrombospondin C-terminal region;NO;NA
240;PF03024;12;1;0,035280677;0,047625262;1;1;0,638628609;Folate receptor family;NO;NA
241;PF02825;12;1;0,035280677;0,047625262;1;1;0,638628609;WWE domain;NO;NA
242;PF13847;12;1;0,035280677;0,047625262;1;1;0,638628609;Methyltransferase domain;NO;NA
243;PF00193;12;1;0,035280677;0,047625262;1;1;0,638628609;Extracellular link domain;NO;NA
244;PF01234;12;1;0,035280677;0,047625262;1;1;0,638628609;NNMT/PNMT/TEMT family;NO;NA
245;PF00884;29;2;0,035661641;0,047451816;1;1;1,126685804;Sulfatase;NO;NA
246;PF06990;97;5;0,035890049;0,047561609;1;1;2,078914586;Galactose-3-O-sulfotransferase;NO;NA
247;PF17921;13;1;0,04101243;0,054020413;1;1;0,608514326;Integrase zinc binding domain;NO;NA
248;PF06083;13;1;0,04101243;0,054020413;1;1;0,608514326;Interleukin-17;NO;NA
249;PF08205;31;2;0,042291395;0,055147979;1;1;1,066457239;CD80-like C2-set immunoglobulin domain;NO;NA
250;PF00201;31;2;0,042291395;0,055147979;1;1;1,066457239;UDP-glucoronosyl and UDP-glucosyl transferase;NO;NA
251;PF00656;31;2;0,042291395;0,055147979;1;1;1,066457239;Caspase domain;NO;NA
252;PF18102;14;1;0,047065899;0,06076627;1;1;0,578400043;Deltex C-terminal domain;NO;NA
253;PF02412;14;1;0,047065899;0,06076627;1;1;0,578400043;Thrombospondin type 3 repeat;NO;NA
254;PF13561;34;2;0,05330112;0,068410098;1;1;0,976114391;Enoyl-(Acyl carrier protein) reductase;NO;NA
255;PF13489;35;2;0,057246933;0,073186275;1;1;0,946000108;Methyltransferase domain;NO;NA
256;PF08016;109;5;0,057479491;0,07319654;1;1;1,717543194;Polycystin cation channel;NO;NA
257;PF00630;36;2;0,061326831;0,077792011;1;1;0,915885826;Filamin/ABP280 repeat;NO;NA
258;PF20519;86;4;0,065882137;0,083246421;1;1;1,410171695;Polycystin domain;NO;NA
259;PF00229;17;1;0,06696276;0,084122774;1;1;0,488057195;TNF(Tumour Necrosis Factor) family;NO;NA
260;PF02668;17;1;0,06696276;0,084122774;1;1;0,488057195;Taurine catabolism dioxygenase TauD, TfdA family;NO;NA
261;PF01391;115;5;0,0706606;0,088258067;1;1;1,536857499;Collagen triple helix repeat (20 copies);NO;NA
262;PF15711;18;1;0,074113094;0,092217056;1;1;0,457942913;Interleukin-like EMT inducer;NO;NA
263;PF04103;19;1;0,081493895;0,101015247;1;1;0,42782863;CD20-like family;NO;NA
264;PF02140;42;2;0,088471889;0,108837117;1;1;0,73520013;Galactose binding lectin domain;NO;NA
265;PF00097;42;2;0,088471889;0,108837117;1;1;0,73520013;Zinc finger, C3HC4 type (RING finger);NO;NA
266;PF13639;42;2;0,088471889;0,108837117;1;1;0,73520013;Ring finger domain;NO;NA
267;PF00069;243;9;0,088547116;0,108113707;1;1;1,682229324;Protein kinase domain;NO;NA
268;PF00134;20;1;0,089089073;0,108167738;1;1;0,397714348;Cyclin, N-terminal domain;NO;NA
269;PF13229;20;1;0,089089073;0,108167738;1;1;0,397714348;Right handed beta helix region;NO;NA
270;PF02460;21;1;0,096883199;0,116977492;1;1;0,367600065;Patched family;NO;NA
271;PF08241;22;1;0,104861485;0,126143337;1;1;0,337485782;Methyltransferase domain;NO;NA
272;PF03351;23;1;0,11300976;0,135445521;1;1;0,3073715;DOMON domain;NO;NA
273;PF02014;24;1;0,121314447;0,144601498;1;1;0,277257217;Reeler domain;NO;NA
274;PF00082;24;1;0,121314447;0,144601498;1;1;0,277257217;Subtilase family;NO;NA
275;PF01390;77;3;0,129020748;0,152948232;1;1;0,681200238;SEA domain;NO;NA
276;PF01762;25;1;0,129762543;0,152993089;1;1;0,247142935;Galactosyltransferase;NO;NA
277;PF13649;25;1;0,129762543;0,152993089;1;1;0,247142935;Methyltransferase domain;NO;NA
278;PF13306;50;2;0,130924317;0,153254317;1;1;0,494285869;BspA type Leucine rich repeat region (6 copies);NO;NA
279;PF00028;50;2;0,130924317;0,153254317;1;1;0,494285869;Cadherin domain;NO;NA
280;PF00413;26;1;0,138341602;0,160495951;1;1;0,217028652;Matrixin;NO;NA
281;PF03098;26;1;0,138341602;0,160495951;1;1;0,217028652;Animal haem peroxidase;NO;NA
282;PF13465;26;1;0,138341602;0,160495951;1;1;0,217028652;Zinc-finger double domain;NO;NA
283;PF13385;52;2;0,142480861;0,164129896;1;1;0,434057304;Concanavalin A-like lectin/glucanases superfamily;NO;NA
284;PF17517;27;1;0,147039708;0,168488382;1;1;0,186914369;IgGFc binding protein;NO;NA
285;PF01607;27;1;0,147039708;0,168488382;1;1;0,186914369;Chitin binding Peritrophin-A domain;NO;NA
286;PF13445;142;5;0,149090402;0,169942207;1;1;0,723771868;RING-type zinc-finger;NO;NA
287;PF13857;28;1;0,155845464;0,176715205;1;1;0,156800087;Ankyrin repeats (many copies);NO;NA
288;PF01463;28;1;0,155845464;0,176715205;1;1;0,156800087;Leucine rich repeat C-terminal domain;NO;NA
289;PF01400;29;1;0,16474797;0,185840271;1;1;0,126685804;Astacin (Peptidase family M12A);NO;NA
290;PF07686;85;3;0,16619941;0,186831061;1;1;0,440285977;Immunoglobulin V-set domain;NO;NA
291;PF00892;30;1;0,173736803;0,194632982;1;1;0,096571521;EamA-like transporter family;NO;NA
292;PF00354;31;1;0,182802003;0,204087168;1;1;0,066457239;Pentaxin family;NO;NA
293;PF00628;32;1;0,191934058;0,213187403;1;1;0,036342956;PHD-finger;NO;NA
294;PF00102;32;1;0,191934058;0,213187403;1;1;0,036342956;Protein-tyrosine phosphatase;NO;NA
295;PF13181;63;2;0,211100149;0,233283554;1;1;0,102800195;Tetratricopeptide repeat;NO;NA
296;PF07679;196;6;0,225147302;0,247966285;1;1;0,097600607;Immunoglobulin I-set domain;NO;NA
297;PF00089;66;2;0,230932847;0,253481846;1;1;0,012457347;Trypsin;NO;NA
298;PF13895;37;1;0,238293356;0,26024668;1;1;-0,114228457;Immunoglobulin domain;NO;NA
299;PF00083;37;1;0,238293356;0,26024668;1;1;-0,114228457;Sugar (and other) transporter;NO;NA
300;PF00240;38;1;0,24764973;0,269112707;1;1;-0,14434274;Ubiquitin family;NO;NA
301;PF00058;39;1;0,25701755;0,278364523;1;1;-0,174457022;Low-density lipoprotein receptor repeat class B;NO;NA
302;PF01825;103;3;0,260572568;0,281280322;1;1;-0,10177111;GPCR proteolysis site, GPS, motif;NO;NA
303;PF02010;41;1;0,275761899;0,296694321;1;1;-0,234685587;REJ domain;NO;NA
304;PF00386;42;1;0,2851264;0,305760547;1;1;-0,26479987;C1q domain;NO;NA
305;PF07648;43;1;0,294478264;0,314753817;1;1;-0,294914153;Kazal-type serine protease inhibitor domain;NO;NA
306;PF00047;45;1;0,31312323;0,333588801;1;1;-0,355142718;Immunoglobulin domain;NO;NA
307;PF00535;46;1;0,322406577;0,342360078;1;1;-0,385257;Glycosyl transferase family 2;NO;NA
308;PF01392;47;1;0,331657757;0,351040353;1;1;-0,415371283;Fz domain;NO;NA
309;PF00057;188;5;0,335610102;0,354074088;1;1;-0,661485132;Low-density lipoprotein receptor domain class A;NO;NA
310;PF00051;156;4;0,35583554;0,374201245;1;1;-0,697828089;Kringle domain;NO;NA
311;PF13202;51;1;0,368259261;0,386020962;1;1;-0,535828414;EF hand;NO;NA
312;PF12937;52;1;0,377290397;0,394220094;1;1;-0,565942696;F-box-like;NO;NA
313;PF00017;55;1;0,404046051;0,420827517;1;1;-0,656285544;SH2 domain;NO;NA
314;PF00090;99;2;0,455191903;0,472587772;1;1;-0,981313979;Thrombospondin type 1 domain;NO;NA
315;PF02214;62;1;0,464179264;0,480388698;1;1;-0,867085522;BTB/POZ domain;NO;NA
316;PF00106;102;2;0,474675354;0,489696726;1;1;-1,071656827;short chain dehydrogenase;NO;NA
317;PF00001;457;11;0,480204864;0,49383844;1;1;-2,762227157;7 transmembrane receptor (rhodopsin family);NO;NA
318;PF14604;71;1;0,535949352;0,549432354;1;1;-1,138114066;Variant SH3 domain;NO;NA
319;PF00067;156;3;0,553916284;0,566071187;1;1;-1,697828089;Cytochrome P450;NO;NA
320;PF00010;77;1;0,579985624;0,589938575;1;1;-1,318799762;Helix-loop-helix DNA-binding domain;NO;NA
321;PF00002;77;1;0,579985624;0,589938575;1;1;-1,318799762;7 transmembrane receptor (Secretin family);NO;NA
322;PF13909;212;4;0,618755713;0,626442119;1;1;-2,384227915;C2H2-type zinc-finger domain;NO;NA
323;PF00777;160;2;0,769484915;0,776631834;1;1;-2,818285219;Glycosyltransferase family 29 (sialyltransferase);NO;NA
324;PF00076;112;1;0,775912225;0,780701807;1;1;-2,372799653;RNA recognition motif. (a.k.a. RRM, RBD, or RNP domain);NO;NA
325;PF02932;168;2;0,797153926;0,799606707;1;1;-3,05919948;Neurotransmitter-gated ion-channel transmembrane region;NO;NA
326;PF02931;179;2;0,830610402;0,830610402;1;0,830610402;-3,390456589;Neurotransmitter-gated ion-channel ligand binding domain;NO;NA
