Species;Run;BioProject;Center.Name;Instrument;isolate;LibraryLayout;Organism;Sample.Name;tissue;sex;geo_loc_name_country;dev_stage;No_fragments;mapped.reads;Perc_mapped;No_PAV_region;No_PAV_gene;cond1;Coverage_exp;MALACO;INHER
Bf;SRR10176999;PRJNA573992;SOUTHEAST UNIVERSITY;Illumina HiSeq 2500;;PAIRED;Branchiostoma floridae;NDSW13714;muscle;;na;na;260821030;481973758;94,05559075;4272;572;reseq;140,8056144;no;no
Bf;SRR12007919;PRJNA602496;UNIVERSITY OF VIENNA;HiSeq X Ten;;PAIRED;Branchiostoma floridae;BF12;muscle;male;na;na;128214144;283305062;94,23104908;4183;525;reseq;82,76579927;no;no
Bf;SRR12010215;PRJNA602496;UNIVERSITY OF VIENNA;Illumina HiSeq 2000;;PAIRED;Branchiostoma floridae;zqx44;muscle;female;na;na;30994715;59264036;94,08285347;4205;548;reseq;17,31361689;no;no
Bf;SRR12010217;PRJNA602496;UNIVERSITY OF VIENNA;Illumina HiSeq 2000;;PAIRED;Branchiostoma floridae;zqx43;muscle;female;na;na;32662157;63228118;95,01762514;4184;515;reseq;18,47169862;no;no
Bf;SRR12010218;PRJNA602496;UNIVERSITY OF VIENNA;Illumina HiSeq 2000;;PAIRED;Branchiostoma floridae;zqx42;muscle;female;na;na;35099242;67183782;94,01567914;4141;518;reseq;19,62732108;no;no
Bf;SRR12010219;PRJNA602496;UNIVERSITY OF VIENNA;Illumina HiSeq 2000;;PAIRED;Branchiostoma floridae;zqx41;muscle;female;na;na;30793197;59675304;95,19122084;4291;551;reseq;17,43376626;no;no
Bf;SRR12010220;PRJNA602496;UNIVERSITY OF VIENNA;Illumina HiSeq 2000;;PAIRED;Branchiostoma floridae;zqx40;muscle;female;na;na;28394003;54566272;94,418888;4133;523;reseq;15,94119457;no;no
Bf;SRR12010221;PRJNA602496;UNIVERSITY OF VIENNA;Illumina HiSeq 2000;;PAIRED;Branchiostoma floridae;zqx39;muscle;female;na;na;27576781;53470412;95,08958465;4287;539;reseq;15,62104593;no;no
Bf;SRR12010222;PRJNA602496;UNIVERSITY OF VIENNA;Illumina HiSeq 2000;;PAIRED;Branchiostoma floridae;zqx38;muscle;female;na;na;28055457;54395128;95,12557053;4237;551;reseq;15,89119592;no;no
Bf;SRR12010223;PRJNA602496;UNIVERSITY OF VIENNA;Illumina HiSeq 2000;;PAIRED;Branchiostoma floridae;zqx37;muscle;female;na;na;32904267;63065900;94,12578276;4170;522;reseq;18,42430765;no;no
Bf;SRR12010224;PRJNA602496;UNIVERSITY OF VIENNA;Illumina HiSeq 2000;;PAIRED;Branchiostoma floridae;zqx36;muscle;female;na;na;26724892;51477500;94,60199048;4290;545;reseq;15,03882917;no;no
Bf;SRR12010225;PRJNA602496;UNIVERSITY OF VIENNA;Illumina HiSeq 2000;;PAIRED;Branchiostoma floridae;zqx35;muscle;female;na;na;29807474;57768334;94,97708638;4152;489;reseq;16,87665692;no;no
Bf;SRR12010226;PRJNA602496;UNIVERSITY OF VIENNA;Illumina HiSeq 2000;;PAIRED;Branchiostoma floridae;zqx34;muscle;female;na;na;28426113;54928786;95,00159991;4215;537;reseq;16,04710076;no;no
Bf;SRR12010228;PRJNA602496;UNIVERSITY OF VIENNA;Illumina HiSeq 2000;;PAIRED;Branchiostoma floridae;zqx33;muscle;female;na;na;34270802;65898037;94,60732112;4217;547;reseq;19,25169873;no;no
Bf;SRR12010229;PRJNA602496;UNIVERSITY OF VIENNA;Illumina HiSeq 2000;;PAIRED;Branchiostoma floridae;zqx32;muscle;female;na;na;28226136;54656856;95,02147825;4224;532;reseq;15,96765811;no;no
Bf;SRR12010230;PRJNA602496;UNIVERSITY OF VIENNA;Illumina HiSeq 2000;;PAIRED;Branchiostoma floridae;zqx31;muscle;female;na;na;30062467;58417283;95,14454418;4200;506;reseq;17,06624331;no;no
Bf;SRR12010231;PRJNA602496;UNIVERSITY OF VIENNA;Illumina HiSeq 2000;;PAIRED;Branchiostoma floridae;zqx30;muscle;female;na;na;27068762;52503855;95,12156586;4315;543;reseq;15,33867236;no;no
Bf;SRR12010232;PRJNA602496;UNIVERSITY OF VIENNA;Illumina HiSeq 2000;;PAIRED;Branchiostoma floridae;zqx29;muscle;female;na;na;28070554;53681861;94,09938763;4165;547;reseq;15,68281943;no;no
Bf;SRR12010233;PRJNA602496;UNIVERSITY OF VIENNA;Illumina HiSeq 2000;;PAIRED;Branchiostoma floridae;zqx28;muscle;female;na;na;29029783;56130663;95,04821417;4282;520;reseq;16,3982216;no;no
Bf;SRR12010234;PRJNA602496;UNIVERSITY OF VIENNA;Illumina HiSeq 2000;;PAIRED;Branchiostoma floridae;zqx27;muscle;female;na;na;34566748;66698527;95,05115832;4063;460;reseq;19,48555687;no;no
Bf;SRR12010235;PRJNA602496;UNIVERSITY OF VIENNA;Illumina HiSeq 2000;;PAIRED;Branchiostoma floridae;zqx26;muscle;female;na;na;28450996;54949771;95,00600866;4028;540;reseq;16,0532314;no;no
Bf;SRR12010236;PRJNA602496;UNIVERSITY OF VIENNA;Illumina HiSeq 2000;;PAIRED;Branchiostoma floridae;zqx25;muscle;female;na;na;32435706;62092430;94,07335171;4231;539;reseq;18,13991448;no;no
Bf;SRR12010237;PRJNA602496;UNIVERSITY OF VIENNA;Illumina HiSeq 2000;;PAIRED;Branchiostoma floridae;60;muscle;female;na;na;39247993;74861784;93,97004358;4209;589;reseq;21,87040127;no;no
Bf;SRR12010239;PRJNA602496;UNIVERSITY OF VIENNA;Illumina HiSeq 2000;;PAIRED;Branchiostoma floridae;59;muscle;female;na;na;35648829;68261927;94,24157567;4163;542;reseq;19,94229439;no;no
Bf;SRR12010240;PRJNA602496;UNIVERSITY OF VIENNA;Illumina HiSeq 2000;;PAIRED;Branchiostoma floridae;58;muscle;female;na;na;37402969;71127929;93,82087092;4046;505;reseq;20,77957892;no;no
Bf;SRR12010241;PRJNA602496;UNIVERSITY OF VIENNA;Illumina HiSeq 2000;;PAIRED;Branchiostoma floridae;56;muscle;female;na;na;38005204;73052608;94,75044836;4147;521;reseq;21,34186183;no;no
Bf;SRR12010242;PRJNA602496;UNIVERSITY OF VIENNA;Illumina HiSeq 2000;;PAIRED;Branchiostoma floridae;54;muscle;female;na;na;36750327;70243629;94,39127378;4237;557;reseq;20,52123621;no;no
Bf;SRR12010243;PRJNA602496;UNIVERSITY OF VIENNA;Illumina HiSeq 2000;;PAIRED;Branchiostoma floridae;53;muscle;female;na;na;34742521;63341117;90,0123406;4298;548;reseq;18,50471057;no;no
Bf;SRR12010244;PRJNA602496;UNIVERSITY OF VIENNA;Illumina HiSeq 2000;;PAIRED;Branchiostoma floridae;52;muscle;female;na;na;37112975;70187079;93,12761142;4151;527;reseq;20,50471548;no;no
Bf;SRR12010245;PRJNA602496;UNIVERSITY OF VIENNA;Illumina HiSeq 2000;;PAIRED;Branchiostoma floridae;51;muscle;female;na;na;37099297;70739898;94,35500935;4079;516;reseq;20,66621809;no;no
Bf;SRR12010246;PRJNA602496;UNIVERSITY OF VIENNA;Illumina HiSeq 2000;;PAIRED;Branchiostoma floridae;49;muscle;male;na;na;33716718;48870800;72,58652924;3941;491;reseq;14,2772981;no;no
Bf;SRR12010247;PRJNA602496;UNIVERSITY OF VIENNA;Illumina HiSeq 2000;;PAIRED;Branchiostoma floridae;48;muscle;male;na;na;33034640;62358812;92,96259039;4144;544;reseq;18,21773632;no;no
Bf;SRR12010248;PRJNA602496;UNIVERSITY OF VIENNA;Illumina HiSeq 2000;;PAIRED;Branchiostoma floridae;47;muscle;male;na;na;32344413;62697567;95,22746243;4211;574;reseq;18,31670147;no;no
Bf;SRR12010250;PRJNA602496;UNIVERSITY OF VIENNA;Illumina HiSeq 2000;;PAIRED;Branchiostoma floridae;46;muscle;male;na;na;38968447;75028979;94,75069941;4052;533;reseq;21,91924624;no;no
Bf;SRR12010251;PRJNA602496;UNIVERSITY OF VIENNA;Illumina HiSeq 2000;;PAIRED;Branchiostoma floridae;45;muscle;male;na;na;36208801;69702466;94,63414979;4189;551;reseq;20,36313883;no;no
Bf;SRR12010252;PRJNA602496;UNIVERSITY OF VIENNA;Illumina HiSeq 2000;;PAIRED;Branchiostoma floridae;44;muscle;male;na;na;31606858;61470321;95,38381373;4197;547;reseq;17,95816924;no;no
Bf;SRR12010253;PRJNA602496;UNIVERSITY OF VIENNA;Illumina HiSeq 2000;;PAIRED;Branchiostoma floridae;43;muscle;male;na;na;34503324;66852651;95,24766617;4095;538;reseq;19,53058323;no;no
Bf;SRR12010254;PRJNA602496;UNIVERSITY OF VIENNA;Illumina HiSeq 2000;;PAIRED;Branchiostoma floridae;42;muscle;male;na;na;37194773;71841786;95,02160914;4096;512;reseq;20,98812777;no;no
Bf;SRR12010255;PRJNA602496;UNIVERSITY OF VIENNA;Illumina HiSeq 2000;;PAIRED;Branchiostoma floridae;41;muscle;male;na;na;31467430;60984512;95,21062449;4235;516;reseq;17,81624318;no;no
Bf;SRR6162873;PRJNA412957;OKINAWA INSTITUTE OF SCIENCE AND TECHNOLOGY;Illumina HiSeq 4000;;PAIRED;Branchiostoma floridae;Bflo_hic_2;muscle;na;na;na;98662406;183546172;95,99120747;NA;NA;hic;NA;no;no
Bf;SRR6162897;PRJNA412957;OKINAWA INSTITUTE OF SCIENCE AND TECHNOLOGY;Illumina HiSeq 2500;;PAIRED;Branchiostoma floridae;Bflo_father_pe;muscle;female;na;adult;74222697;151760716;97,52524434;NA;NA;reseq;NA;no;parent
Bf;SRR6162896;PRJNA412957;OKINAWA INSTITUTE OF SCIENCE AND TECHNOLOGY;Illumina HiSeq 2500;;PAIRED;Branchiostoma floridae;Bflo_mother_pe;muscle;male;na;adult;79654337;136120746;97,3041056;NA;NA;reseq;NA;no;parent
Bf;SRR6162844;PRJNA412957;OKINAWA INSTITUTE OF SCIENCE AND TECHNOLOGY;Illumina HiSeq 4000;;PAIRED;Branchiostoma floridae;Bflo_prog_pe_92;muscle;na;na;offspring;11144466;14857589;94,13123238;NA;NA;reseq;NA;no;yes
Bf;SRR6162845;PRJNA412957;OKINAWA INSTITUTE OF SCIENCE AND TECHNOLOGY;Illumina HiSeq 4000;;PAIRED;Branchiostoma floridae;Bflo_prog_pe_91;muscle;na;na;offspring;11016006;15431997;94,4454648;NA;NA;reseq;NA;no;yes
Bf;SRR6162846;PRJNA412957;OKINAWA INSTITUTE OF SCIENCE AND TECHNOLOGY;Illumina HiSeq 4000;;PAIRED;Branchiostoma floridae;Bflo_prog_pe_90;muscle;na;na;offspring;9183353;12961249;94,6395166;NA;NA;reseq;NA;no;yes
Bf;SRR6162847;PRJNA412957;OKINAWA INSTITUTE OF SCIENCE AND TECHNOLOGY;Illumina HiSeq 4000;;PAIRED;Branchiostoma floridae;Bflo_prog_pe_89;muscle;na;na;offspring;9243726;12853539;94,50913413;NA;NA;reseq;NA;no;yes
Bf;SRR6162848;PRJNA412957;OKINAWA INSTITUTE OF SCIENCE AND TECHNOLOGY;Illumina HiSeq 4000;;PAIRED;Branchiostoma floridae;Bflo_prog_pe_96;muscle;na;na;offspring;9563335;13458274;94,41361032;NA;NA;reseq;NA;no;yes
Bf;SRR6162849;PRJNA412957;OKINAWA INSTITUTE OF SCIENCE AND TECHNOLOGY;Illumina HiSeq 4000;;PAIRED;Branchiostoma floridae;Bflo_prog_pe_95;muscle;na;na;offspring;10698440;14624277;94,19518968;NA;NA;reseq;NA;no;yes
Bf;SRR6162850;PRJNA412957;OKINAWA INSTITUTE OF SCIENCE AND TECHNOLOGY;Illumina HiSeq 4000;;PAIRED;Branchiostoma floridae;Bflo_prog_pe_94;muscle;na;na;offspring;10269340;14295174;94,35031638;NA;NA;reseq;NA;no;yes
Bf;SRR6162851;PRJNA412957;OKINAWA INSTITUTE OF SCIENCE AND TECHNOLOGY;Illumina HiSeq 4000;;PAIRED;Branchiostoma floridae;Bflo_prog_pe_93;muscle;na;na;offspring;10679533;14524177;94,20989194;NA;NA;reseq;NA;no;yes
Bf;SRR6162852;PRJNA412957;OKINAWA INSTITUTE OF SCIENCE AND TECHNOLOGY;Illumina HiSeq 4000;;PAIRED;Branchiostoma floridae;Bflo_prog_pe_12;muscle;na;na;offspring;11525132;13354930;94,90208619;NA;NA;reseq;NA;no;yes
Bf;SRR6162853;PRJNA412957;OKINAWA INSTITUTE OF SCIENCE AND TECHNOLOGY;Illumina HiSeq 4000;;PAIRED;Branchiostoma floridae;Bflo_prog_pe_11;muscle;na;na;offspring;13747371;15057506;92,86933981;NA;NA;reseq;NA;no;yes
Bf;SRR6162854;PRJNA412957;OKINAWA INSTITUTE OF SCIENCE AND TECHNOLOGY;Illumina HiSeq 4000;;PAIRED;Branchiostoma floridae;Bflo_prog_pe_10;muscle;na;na;offspring;8459163;9935889;95,18075925;NA;NA;reseq;NA;no;yes
Bf;SRR6162855;PRJNA412957;OKINAWA INSTITUTE OF SCIENCE AND TECHNOLOGY;Illumina HiSeq 4000;;PAIRED;Branchiostoma floridae;Bflo_prog_pe_9;muscle;na;na;offspring;8452999;11326641;94,55215568;NA;NA;reseq;NA;no;yes
Bf;SRR6162856;PRJNA412957;OKINAWA INSTITUTE OF SCIENCE AND TECHNOLOGY;Illumina HiSeq 4000;;PAIRED;Branchiostoma floridae;Bflo_prog_pe_16;muscle;na;na;offspring;10101433;12972878;95,15082681;NA;NA;reseq;NA;no;yes
Bf;SRR6162857;PRJNA412957;OKINAWA INSTITUTE OF SCIENCE AND TECHNOLOGY;Illumina HiSeq 4000;;PAIRED;Branchiostoma floridae;Bflo_prog_pe_15;muscle;na;na;offspring;7735014;7227132;94,81535941;NA;NA;reseq;NA;no;yes
Bf;SRR6162858;PRJNA412957;OKINAWA INSTITUTE OF SCIENCE AND TECHNOLOGY;Illumina HiSeq 4000;;PAIRED;Branchiostoma floridae;Bflo_prog_pe_14;muscle;na;na;offspring;10712143;14609390;94,67209718;NA;NA;reseq;NA;no;yes
Bf;SRR6162859;PRJNA412957;OKINAWA INSTITUTE OF SCIENCE AND TECHNOLOGY;Illumina HiSeq 4000;;PAIRED;Branchiostoma floridae;Bflo_prog_pe_13;muscle;na;na;offspring;8394335;10873108;95,6446281;NA;NA;reseq;NA;no;yes
Bf;SRR6162860;PRJNA412957;OKINAWA INSTITUTE OF SCIENCE AND TECHNOLOGY;Illumina HiSeq 4000;;PAIRED;Branchiostoma floridae;Bflo_prog_pe_18;muscle;na;na;offspring;1989634;2064265;94,76882634;NA;NA;reseq;NA;no;yes
Bf;SRR6162861;PRJNA412957;OKINAWA INSTITUTE OF SCIENCE AND TECHNOLOGY;Illumina HiSeq 4000;;PAIRED;Branchiostoma floridae;Bflo_prog_pe_17;muscle;na;na;offspring;8381016;11333301;95,02394778;NA;NA;reseq;NA;no;yes
Bf;SRR6162862;PRJNA412957;OKINAWA INSTITUTE OF SCIENCE AND TECHNOLOGY;Illumina HiSeq 4000;;PAIRED;Branchiostoma floridae;Bflo_prog_pe_83;muscle;na;na;offspring;9731786;13615189;94,27878699;NA;NA;reseq;NA;no;yes
Bf;SRR6162863;PRJNA412957;OKINAWA INSTITUTE OF SCIENCE AND TECHNOLOGY;Illumina HiSeq 4000;;PAIRED;Branchiostoma floridae;Bflo_prog_pe_84;muscle;na;na;offspring;9762355;13633695;94,44945006;NA;NA;reseq;NA;no;yes
Bf;SRR6162864;PRJNA412957;OKINAWA INSTITUTE OF SCIENCE AND TECHNOLOGY;Illumina HiSeq 4000;;PAIRED;Branchiostoma floridae;Bflo_prog_pe_85;muscle;na;na;offspring;9454289;13339491;94,23398796;NA;NA;reseq;NA;no;yes
Bf;SRR6162865;PRJNA412957;OKINAWA INSTITUTE OF SCIENCE AND TECHNOLOGY;Illumina HiSeq 4000;;PAIRED;Branchiostoma floridae;Bflo_prog_pe_86;muscle;na;na;offspring;9515694;12971335;94,2700124;NA;NA;reseq;NA;no;yes
Bf;SRR6162866;PRJNA412957;OKINAWA INSTITUTE OF SCIENCE AND TECHNOLOGY;Illumina HiSeq 4000;;PAIRED;Branchiostoma floridae;Bflo_prog_pe_79;muscle;na;na;offspring;17534470;24246899;94,20459628;NA;NA;reseq;NA;no;yes
Bf;SRR6162867;PRJNA412957;OKINAWA INSTITUTE OF SCIENCE AND TECHNOLOGY;Illumina HiSeq 4000;;PAIRED;Branchiostoma floridae;Bflo_prog_pe_80;muscle;na;na;offspring;15567678;20507616;93,98880216;NA;NA;reseq;NA;no;yes
Bf;SRR6162868;PRJNA412957;OKINAWA INSTITUTE OF SCIENCE AND TECHNOLOGY;Illumina HiSeq 4000;;PAIRED;Branchiostoma floridae;Bflo_prog_pe_81;muscle;na;na;offspring;8304613;11340920;94,2256493;NA;NA;reseq;NA;no;yes
Bf;SRR6162869;PRJNA412957;OKINAWA INSTITUTE OF SCIENCE AND TECHNOLOGY;Illumina HiSeq 4000;;PAIRED;Branchiostoma floridae;Bflo_prog_pe_82;muscle;na;na;offspring;8906367;11569460;94,12399662;NA;NA;reseq;NA;no;yes
Bf;SRR6162870;PRJNA412957;OKINAWA INSTITUTE OF SCIENCE AND TECHNOLOGY;Illumina HiSeq 4000;;PAIRED;Branchiostoma floridae;Bflo_prog_pe_87;muscle;na;na;offspring;9298944;12908307;94,42694566;NA;NA;reseq;NA;no;yes
Bf;SRR6162871;PRJNA412957;OKINAWA INSTITUTE OF SCIENCE AND TECHNOLOGY;Illumina HiSeq 4000;;PAIRED;Branchiostoma floridae;Bflo_prog_pe_88;muscle;na;na;offspring;7648351;11188357;94,78066448;NA;NA;reseq;NA;no;yes
Bf;SRR6162872;PRJNA412957;OKINAWA INSTITUTE OF SCIENCE AND TECHNOLOGY;Illumina HiSeq 4000;;PAIRED;Branchiostoma floridae;Bflo_hic_1;muscle;na;na;offspring;115383056;216614641;96,20389586;NA;NA;hic;NA;no;no
Bf;SRR6162874;PRJNA412957;OKINAWA INSTITUTE OF SCIENCE AND TECHNOLOGY;Illumina HiSeq 4000;;PAIRED;Branchiostoma floridae;Bflo_prog_pe_38;muscle;na;na;offspring;14474257;20474678;94,24692097;NA;NA;reseq;NA;no;yes
Bf;SRR6162875;PRJNA412957;OKINAWA INSTITUTE OF SCIENCE AND TECHNOLOGY;Illumina HiSeq 4000;;PAIRED;Branchiostoma floridae;Bflo_prog_pe_37;muscle;na;na;offspring;13462910;19858426;94,26625397;NA;NA;reseq;NA;no;yes
Bf;SRR6162876;PRJNA412957;OKINAWA INSTITUTE OF SCIENCE AND TECHNOLOGY;Illumina HiSeq 4000;;PAIRED;Branchiostoma floridae;Bflo_prog_pe_30;muscle;na;na;offspring;13213742;19194094;94,39926503;NA;NA;reseq;NA;no;yes
Bf;SRR6162877;PRJNA412957;OKINAWA INSTITUTE OF SCIENCE AND TECHNOLOGY;Illumina HiSeq 4000;;PAIRED;Branchiostoma floridae;Bflo_prog_pe_29;muscle;na;na;offspring;12574497;18852802;94,49263019;NA;NA;reseq;NA;no;yes
Bf;SRR6162878;PRJNA412957;OKINAWA INSTITUTE OF SCIENCE AND TECHNOLOGY;Illumina HiSeq 4000;;PAIRED;Branchiostoma floridae;Bflo_prog_pe_32;muscle;na;na;offspring;12892172;18432831;94,29351472;NA;NA;reseq;NA;no;yes
Bf;SRR6162879;PRJNA412957;OKINAWA INSTITUTE OF SCIENCE AND TECHNOLOGY;Illumina HiSeq 4000;;PAIRED;Branchiostoma floridae;Bflo_prog_pe_31;muscle;na;na;offspring;13922640;20143123;94,40534021;NA;NA;reseq;NA;no;yes
Bf;SRR6162880;PRJNA412957;OKINAWA INSTITUTE OF SCIENCE AND TECHNOLOGY;Illumina HiSeq 4000;;PAIRED;Branchiostoma floridae;Bflo_prog_pe_34;muscle;na;na;offspring;11956557;16391347;94,19370807;NA;NA;reseq;NA;no;yes
Bf;SRR6162881;PRJNA412957;OKINAWA INSTITUTE OF SCIENCE AND TECHNOLOGY;Illumina HiSeq 4000;;PAIRED;Branchiostoma floridae;Bflo_prog_pe_33;muscle;na;na;offspring;10518625;15538584;94,38676783;NA;NA;reseq;NA;no;yes
Bf;SRR6162882;PRJNA412957;OKINAWA INSTITUTE OF SCIENCE AND TECHNOLOGY;Illumina HiSeq 4000;;PAIRED;Branchiostoma floridae;Bflo_prog_pe_36;muscle;na;na;offspring;14425511;20540377;94,24972516;NA;NA;reseq;NA;no;yes
Bf;SRR6162883;PRJNA412957;OKINAWA INSTITUTE OF SCIENCE AND TECHNOLOGY;Illumina HiSeq 4000;;PAIRED;Branchiostoma floridae;Bflo_prog_pe_35;muscle;na;na;offspring;15699949;22388091;94,32047133;NA;NA;reseq;NA;no;yes
Bf;SRR6162884;PRJNA412957;OKINAWA INSTITUTE OF SCIENCE AND TECHNOLOGY;Illumina HiSeq 4000;;PAIRED;Branchiostoma floridae;Bflo_prog_pe_27;muscle;na;na;offspring;14191458;20522748;94,32726;NA;NA;reseq;NA;no;yes
Bf;SRR6162885;PRJNA412957;OKINAWA INSTITUTE OF SCIENCE AND TECHNOLOGY;Illumina HiSeq 4000;;PAIRED;Branchiostoma floridae;Bflo_prog_pe_28;muscle;na;na;offspring;12804583;18839366;94,39910841;NA;NA;reseq;NA;no;yes
Bf;SRR6162886;PRJNA412957;OKINAWA INSTITUTE OF SCIENCE AND TECHNOLOGY;Illumina HiSeq 4000;;PAIRED;Branchiostoma floridae;Bflo_prog_pe_21;muscle;na;na;offspring;7601072;6413326;94,65965437;NA;NA;reseq;NA;no;yes
Bf;SRR6162887;PRJNA412957;OKINAWA INSTITUTE OF SCIENCE AND TECHNOLOGY;Illumina HiSeq 4000;;PAIRED;Branchiostoma floridae;Bflo_prog_pe_22;muscle;na;na;offspring;12013021;17111023;95,01991051;NA;NA;reseq;NA;no;yes
Bf;SRR6162888;PRJNA412957;OKINAWA INSTITUTE OF SCIENCE AND TECHNOLOGY;Illumina HiSeq 4000;;PAIRED;Branchiostoma floridae;Bflo_prog_pe_19;muscle;na;na;offspring;9796387;10078750;94,67953391;NA;NA;reseq;NA;no;yes
Bf;SRR6162889;PRJNA412957;OKINAWA INSTITUTE OF SCIENCE AND TECHNOLOGY;Illumina HiSeq 4000;;PAIRED;Branchiostoma floridae;Bflo_prog_pe_20;muscle;na;na;offspring;9914921;12955757;95,58953309;NA;NA;reseq;NA;no;yes
Bf;SRR6162890;PRJNA412957;OKINAWA INSTITUTE OF SCIENCE AND TECHNOLOGY;Illumina HiSeq 4000;;PAIRED;Branchiostoma floridae;Bflo_prog_pe_25;muscle;na;na;offspring;6685993;4845071;94,50389401;NA;NA;reseq;NA;no;yes
Bf;SRR6162891;PRJNA412957;OKINAWA INSTITUTE OF SCIENCE AND TECHNOLOGY;Illumina HiSeq 4000;;PAIRED;Branchiostoma floridae;Bflo_prog_pe_26;muscle;na;na;offspring;11150312;16067750;94,34909532;NA;NA;reseq;NA;no;yes
Bf;SRR6162892;PRJNA412957;OKINAWA INSTITUTE OF SCIENCE AND TECHNOLOGY;Illumina HiSeq 4000;;PAIRED;Branchiostoma floridae;Bflo_prog_pe_23;muscle;na;na;offspring;8900436;8785807;93,91338934;NA;NA;reseq;NA;no;yes
Bf;SRR6162893;PRJNA412957;OKINAWA INSTITUTE OF SCIENCE AND TECHNOLOGY;Illumina HiSeq 4000;;PAIRED;Branchiostoma floridae;Bflo_prog_pe_24;muscle;na;na;offspring;11144085;15591416;94,99991805;NA;NA;reseq;NA;no;yes
Bf;SRR6162894;PRJNA412957;OKINAWA INSTITUTE OF SCIENCE AND TECHNOLOGY;Illumina HiSeq 4000;;PAIRED;Branchiostoma floridae;Bflo_prog_pe_8;muscle;na;na;offspring;9250633;13217524;95,35787111;NA;NA;reseq;NA;no;yes
Bf;SRR6162895;PRJNA412957;OKINAWA INSTITUTE OF SCIENCE AND TECHNOLOGY;Illumina HiSeq 4000;;PAIRED;Branchiostoma floridae;Bflo_prog_pe_7;muscle;na;na;offspring;10426900;16278136;95,10336284;NA;NA;reseq;NA;no;yes
Bf;SRR6162898;PRJNA412957;OKINAWA INSTITUTE OF SCIENCE AND TECHNOLOGY;Illumina HiSeq 4000;;PAIRED;Branchiostoma floridae;Bflo_prog_pe_2;muscle;na;na;offspring;10075038;14692605;94,72002109;NA;NA;reseq;NA;no;yes
Bf;SRR6162899;PRJNA412957;OKINAWA INSTITUTE OF SCIENCE AND TECHNOLOGY;Illumina HiSeq 4000;;PAIRED;Branchiostoma floridae;Bflo_prog_pe_1;muscle;na;na;offspring;8916174;13811906;94,91328144;NA;NA;reseq;NA;no;yes
Bf;SRR6162900;PRJNA412957;OKINAWA INSTITUTE OF SCIENCE AND TECHNOLOGY;Illumina HiSeq 4000;;PAIRED;Branchiostoma floridae;Bflo_prog_pe_4;muscle;na;na;offspring;12308435;16151101;94,76151239;NA;NA;reseq;NA;no;yes
Bf;SRR6162901;PRJNA412957;OKINAWA INSTITUTE OF SCIENCE AND TECHNOLOGY;Illumina HiSeq 4000;;PAIRED;Branchiostoma floridae;Bflo_prog_pe_3;muscle;na;na;offspring;11579553;17463577;94,82706998;NA;NA;reseq;NA;no;yes
Bf;SRR6162902;PRJNA412957;OKINAWA INSTITUTE OF SCIENCE AND TECHNOLOGY;Illumina HiSeq 4000;;PAIRED;Branchiostoma floridae;Bflo_prog_pe_6;muscle;na;na;offspring;10141815;16073503;95,47365222;NA;NA;reseq;NA;no;yes
Bf;SRR6162903;PRJNA412957;OKINAWA INSTITUTE OF SCIENCE AND TECHNOLOGY;Illumina HiSeq 4000;;PAIRED;Branchiostoma floridae;Bflo_prog_pe_5;muscle;na;na;offspring;8511598;9607109;94,51304249;NA;NA;reseq;NA;no;yes
Bf;SRR6162904;PRJNA412957;OKINAWA INSTITUTE OF SCIENCE AND TECHNOLOGY;Illumina HiSeq 4000;;PAIRED;Branchiostoma floridae;Bflo_prog_pe_58;muscle;na;na;offspring;11754643;15805995;94,09937328;NA;NA;reseq;NA;no;yes
Bf;SRR6162905;PRJNA412957;OKINAWA INSTITUTE OF SCIENCE AND TECHNOLOGY;Illumina HiSeq 4000;;PAIRED;Branchiostoma floridae;Bflo_prog_pe_57;muscle;na;na;offspring;12912331;17677585;94,10459067;NA;NA;reseq;NA;no;yes
Bf;SRR6162906;PRJNA412957;OKINAWA INSTITUTE OF SCIENCE AND TECHNOLOGY;Illumina HiSeq 4000;;PAIRED;Branchiostoma floridae;Bflo_prog_pe_56;muscle;na;na;offspring;9245631;12310430;94,14341357;NA;NA;reseq;NA;no;yes
Bf;SRR6162907;PRJNA412957;OKINAWA INSTITUTE OF SCIENCE AND TECHNOLOGY;Illumina HiSeq 4000;;PAIRED;Branchiostoma floridae;Bflo_prog_pe_55;muscle;na;na;offspring;10772617;14313267;94,16612495;NA;NA;reseq;NA;no;yes
Bf;SRR6162908;PRJNA412957;OKINAWA INSTITUTE OF SCIENCE AND TECHNOLOGY;Illumina HiSeq 4000;;PAIRED;Branchiostoma floridae;Bflo_prog_pe_54;muscle;na;na;offspring;9589491;13425282;94,47194844;NA;NA;reseq;NA;no;yes
Bf;SRR6162909;PRJNA412957;OKINAWA INSTITUTE OF SCIENCE AND TECHNOLOGY;Illumina HiSeq 4000;;PAIRED;Branchiostoma floridae;Bflo_prog_pe_53;muscle;na;na;offspring;9622689;13329068;94,38239609;NA;NA;reseq;NA;no;yes
Bf;SRR6162910;PRJNA412957;OKINAWA INSTITUTE OF SCIENCE AND TECHNOLOGY;Illumina HiSeq 4000;;PAIRED;Branchiostoma floridae;Bflo_prog_pe_52;muscle;na;na;offspring;11420148;15065111;94,11851398;NA;NA;reseq;NA;no;yes
Bf;SRR6162912;PRJNA412957;OKINAWA INSTITUTE OF SCIENCE AND TECHNOLOGY;Illumina HiSeq 4000;;PAIRED;Branchiostoma floridae;Bflo_prog_pe_50;muscle;na;na;offspring;9465452;12571246;94,12307218;NA;NA;reseq;NA;no;yes
Bf;SRR6162913;PRJNA412957;OKINAWA INSTITUTE OF SCIENCE AND TECHNOLOGY;Illumina HiSeq 4000;;PAIRED;Branchiostoma floridae;Bflo_prog_pe_49;muscle;na;na;offspring;8527304;11613252;94,15731397;NA;NA;reseq;NA;no;yes
Bf;SRR6162914;PRJNA412957;OKINAWA INSTITUTE OF SCIENCE AND TECHNOLOGY;Illumina HiSeq 4000;;PAIRED;Branchiostoma floridae;Bflo_prog_pe_47;muscle;na;na;offspring;12682573;18499914;94,57091418;NA;NA;reseq;NA;no;yes
Bf;SRR6162915;PRJNA412957;OKINAWA INSTITUTE OF SCIENCE AND TECHNOLOGY;Illumina HiSeq 4000;;PAIRED;Branchiostoma floridae;Bflo_prog_pe_48;muscle;na;na;offspring;11366022;16007939;94,35417656;NA;NA;reseq;NA;no;yes
Bf;SRR6162916;PRJNA412957;OKINAWA INSTITUTE OF SCIENCE AND TECHNOLOGY;Illumina HiSeq 4000;;PAIRED;Branchiostoma floridae;Bflo_prog_pe_39;muscle;na;na;offspring;14650091;20777202;94,29771465;NA;NA;reseq;NA;no;yes
Bf;SRR6162917;PRJNA412957;OKINAWA INSTITUTE OF SCIENCE AND TECHNOLOGY;Illumina HiSeq 4000;;PAIRED;Branchiostoma floridae;Bflo_prog_pe_40;muscle;na;na;offspring;12686841;18267801;94,27173261;NA;NA;reseq;NA;no;yes
Bf;SRR6162918;PRJNA412957;OKINAWA INSTITUTE OF SCIENCE AND TECHNOLOGY;Illumina HiSeq 4000;;PAIRED;Branchiostoma floridae;Bflo_prog_pe_41;muscle;na;na;offspring;10689342;14859698;94,2403575;NA;NA;reseq;NA;no;yes
Bf;SRR6162919;PRJNA412957;OKINAWA INSTITUTE OF SCIENCE AND TECHNOLOGY;Illumina HiSeq 4000;;PAIRED;Branchiostoma floridae;Bflo_prog_pe_42;muscle;na;na;offspring;11133643;14703195;94,09381175;NA;NA;reseq;NA;no;yes
Bf;SRR6162920;PRJNA412957;OKINAWA INSTITUTE OF SCIENCE AND TECHNOLOGY;Illumina HiSeq 4000;;PAIRED;Branchiostoma floridae;Bflo_prog_pe_43;muscle;na;na;offspring;14109474;19000622;94,11374919;NA;NA;reseq;NA;no;yes
Bf;SRR6162921;PRJNA412957;OKINAWA INSTITUTE OF SCIENCE AND TECHNOLOGY;Illumina HiSeq 4000;;PAIRED;Branchiostoma floridae;Bflo_prog_pe_44;muscle;na;na;offspring;11159049;17202594;94,67434213;NA;NA;reseq;NA;no;yes
Bf;SRR6162922;PRJNA412957;OKINAWA INSTITUTE OF SCIENCE AND TECHNOLOGY;Illumina HiSeq 4000;;PAIRED;Branchiostoma floridae;Bflo_prog_pe_45;muscle;na;na;offspring;11211489;16702617;94,4914461;NA;NA;reseq;NA;no;yes
Bf;SRR6162923;PRJNA412957;OKINAWA INSTITUTE OF SCIENCE AND TECHNOLOGY;Illumina HiSeq 4000;;PAIRED;Branchiostoma floridae;Bflo_prog_pe_46;muscle;na;na;offspring;12023852;17919962;94,45720568;NA;NA;reseq;NA;no;yes
Bf;SRR6162924;PRJNA412957;OKINAWA INSTITUTE OF SCIENCE AND TECHNOLOGY;Illumina HiSeq 4000;;PAIRED;Branchiostoma floridae;Bflo_prog_pe_74;muscle;na;na;offspring;14562419;20696191;94,55617579;NA;NA;reseq;NA;no;yes
Bf;SRR6162925;PRJNA412957;OKINAWA INSTITUTE OF SCIENCE AND TECHNOLOGY;Illumina HiSeq 4000;;PAIRED;Branchiostoma floridae;Bflo_prog_pe_73;muscle;na;na;offspring;13841901;19644845;94,19468471;NA;NA;reseq;NA;no;yes
Bf;SRR6162926;PRJNA412957;OKINAWA INSTITUTE OF SCIENCE AND TECHNOLOGY;Illumina HiSeq 4000;;PAIRED;Branchiostoma floridae;Bflo_prog_pe_76;muscle;na;na;offspring;17820192;23878751;94,04550906;NA;NA;reseq;NA;no;yes
Bf;SRR6162927;PRJNA412957;OKINAWA INSTITUTE OF SCIENCE AND TECHNOLOGY;Illumina HiSeq 4000;;PAIRED;Branchiostoma floridae;Bflo_prog_pe_75;muscle;na;na;offspring;17091921;24759966;94,7528436;NA;NA;reseq;NA;no;yes
Bf;SRR6162928;PRJNA412957;OKINAWA INSTITUTE OF SCIENCE AND TECHNOLOGY;Illumina HiSeq 4000;;PAIRED;Branchiostoma floridae;Bflo_prog_pe_70;muscle;na;na;offspring;6195232;8400412;94,13042655;NA;NA;reseq;NA;no;yes
Bf;SRR6162929;PRJNA412957;OKINAWA INSTITUTE OF SCIENCE AND TECHNOLOGY;Illumina HiSeq 4000;;PAIRED;Branchiostoma floridae;Bflo_prog_pe_69;muscle;na;na;offspring;8150259;10953369;94,04208956;NA;NA;reseq;NA;no;yes
Bf;SRR6162930;PRJNA412957;OKINAWA INSTITUTE OF SCIENCE AND TECHNOLOGY;Illumina HiSeq 4000;;PAIRED;Branchiostoma floridae;Bflo_prog_pe_72;muscle;na;na;offspring;4467820;5889761;94,04752419;NA;NA;reseq;NA;no;yes
Bf;SRR6162931;PRJNA412957;OKINAWA INSTITUTE OF SCIENCE AND TECHNOLOGY;Illumina HiSeq 4000;;PAIRED;Branchiostoma floridae;Bflo_prog_pe_71;muscle;na;na;offspring;7435956;10219264;94,11573145;NA;NA;reseq;NA;no;yes
Bf;SRR6162932;PRJNA412957;OKINAWA INSTITUTE OF SCIENCE AND TECHNOLOGY;Illumina HiSeq 4000;;PAIRED;Branchiostoma floridae;Bflo_prog_pe_78;muscle;na;na;offspring;18114323;24747589;94,20798559;NA;NA;reseq;NA;no;yes
Bf;SRR6162933;PRJNA412957;OKINAWA INSTITUTE OF SCIENCE AND TECHNOLOGY;Illumina HiSeq 4000;;PAIRED;Branchiostoma floridae;Bflo_prog_pe_77;muscle;na;na;offspring;16945366;24056454;94,52564003;NA;NA;reseq;NA;no;yes
Bf;SRR6162934;PRJNA412957;OKINAWA INSTITUTE OF SCIENCE AND TECHNOLOGY;Illumina HiSeq 4000;;PAIRED;Branchiostoma floridae;Bflo_prog_pe_65;muscle;na;na;offspring;10281330;13561291;94,15505514;NA;NA;reseq;NA;no;yes
Bf;SRR6162935;PRJNA412957;OKINAWA INSTITUTE OF SCIENCE AND TECHNOLOGY;Illumina HiSeq 4000;;PAIRED;Branchiostoma floridae;Bflo_prog_pe_66;muscle;na;na;offspring;12541630;16385790;94,04565595;NA;NA;reseq;NA;no;yes
Bf;SRR6162936;PRJNA412957;OKINAWA INSTITUTE OF SCIENCE AND TECHNOLOGY;Illumina HiSeq 4000;;PAIRED;Branchiostoma floridae;Bflo_prog_pe_63;muscle;na;na;offspring;21783047;31695787;94,25093672;NA;NA;reseq;NA;no;yes
Bf;SRR6162937;PRJNA412957;OKINAWA INSTITUTE OF SCIENCE AND TECHNOLOGY;Illumina HiSeq 4000;;PAIRED;Branchiostoma floridae;Bflo_prog_pe_64;muscle;na;na;offspring;33246599;48357773;94,36982729;NA;NA;reseq;NA;no;yes
Bf;SRR6162938;PRJNA412957;OKINAWA INSTITUTE OF SCIENCE AND TECHNOLOGY;Illumina HiSeq 4000;;PAIRED;Branchiostoma floridae;Bflo_prog_pe_61;muscle;na;na;offspring;21920075;31479414;94,31997136;NA;NA;reseq;NA;no;yes
Bf;SRR6162939;PRJNA412957;OKINAWA INSTITUTE OF SCIENCE AND TECHNOLOGY;Illumina HiSeq 4000;;PAIRED;Branchiostoma floridae;Bflo_prog_pe_62;muscle;na;na;offspring;25359171;37869333;94,56811365;NA;NA;reseq;NA;no;yes
Bf;SRR6162940;PRJNA412957;OKINAWA INSTITUTE OF SCIENCE AND TECHNOLOGY;Illumina HiSeq 4000;;PAIRED;Branchiostoma floridae;Bflo_prog_pe_59;muscle;na;na;offspring;28655089;39391068;94,12494206;NA;NA;reseq;NA;no;yes
Bf;SRR6162941;PRJNA412957;OKINAWA INSTITUTE OF SCIENCE AND TECHNOLOGY;Illumina HiSeq 4000;;PAIRED;Branchiostoma floridae;Bflo_prog_pe_60;muscle;na;na;offspring;19326776;27498233;94,16885424;NA;NA;reseq;NA;no;yes
Bf;SRR6162942;PRJNA412957;OKINAWA INSTITUTE OF SCIENCE AND TECHNOLOGY;Illumina HiSeq 4000;;PAIRED;Branchiostoma floridae;Bflo_prog_pe_67;muscle;na;na;offspring;7551978;9518930;94,02989262;NA;NA;reseq;NA;no;yes
Bf;SRR6162943;PRJNA412957;OKINAWA INSTITUTE OF SCIENCE AND TECHNOLOGY;Illumina HiSeq 4000;;PAIRED;Branchiostoma floridae;Bflo_prog_pe_68;muscle;na;na;offspring;8806799;11836925;94,06945433;NA;NA;reseq;NA;no;yes
Bf;SRR6216882;PRJNA412957;OKINAWA INSTITUTE OF SCIENCE AND TECHNOLOGY;Illumina HiSeq 4000;;PAIRED;Branchiostoma floridae;Bflo_chicago_2;muscle;na;na;offspring;148525531;260325657;88,47845462;NA;NA;reseq;NA;no;yes
Bf;SRR6216883;PRJNA412957;OKINAWA INSTITUTE OF SCIENCE AND TECHNOLOGY;Illumina HiSeq 4000;;PAIRED;Branchiostoma floridae;Bflo_chicago_1;muscle;na;na;offspring;120589019;213385361;88,58609284;NA;NA;reseq;NA;no;yes
